Name,Team,playerid,mlbid
Jose Ramirez,Indians,13510,608070
Mike Trout,Angels,10155,545361
Aaron Judge,Yankees,15640,592450
Mookie Betts,Red Sox,13611,605141
Francisco Lindor,Indians,12916,596019
Jose Altuve,Astros,5417,514888
Giancarlo Stanton,- - -,4949,519317
Nolan Arenado,Rockies,9777,571448
Anthony Rendon,Nationals,12861,543685
Paul Goldschmidt,Diamondbacks,9218,502671
Freddie Freeman,Braves,5361,518692
Andrelton Simmons,Angels,10847,592743
Joey Votto,Reds,4314,458015
J.D. Martinez,- - -,6184,502110
Lorenzo Cain,- - -,9077,456715
Alex Bregman,Astros,17678,608324
Kris Bryant,Cubs,15429,592178
Christian Yelich,- - -,11477,592885
Justin Upton,- - -,5222,457708
Matt Chapman,Athletics,16505,656305
Bryce Harper,Nationals,11579,547180
Didi Gregorius,Yankees,6012,544369
Matt Carpenter,Cardinals,8090,572761
Eugenio Suarez,Reds,12552,553993
Manny Machado,- - -,11493,592518
Xander Bogaerts,Red Sox,12161,593428
Tommy Pham,- - -,2967,502054
Jed Lowrie,Athletics,4418,476704
Justin Turner,Dodgers,5235,457759
J.T. Realmuto,Marlins,11739,592663
Charlie Blackmon,Rockies,7859,453568
Carlos Correa,Astros,14162,621043
Aaron Hicks,Yankees,5297,543305
Chris Taylor,Dodgers,13757,621035
Whit Merrifield,Royals,11281,593160
Cody Bellinger,Dodgers,15998,641355
Javier Baez,Cubs,12979,595879
Brian Dozier,- - -,9810,572821
Andrew Benintendi,Red Sox,17901,643217
George Springer,Astros,12856,543807
Travis Shaw,Brewers,11982,543768
Brett Gardner,Yankees,9927,458731
Marcell Ozuna,- - -,10324,542303
Corey Seager,Dodgers,13624,608369
Trea Turner,Nationals,16252,607208
Buster Posey,Giants,9166,457763
Michael Conforto,Mets,16376,624424
Eddie Rosario,Twins,12155,592696
Nelson Cruz,Mariners,2434,443558
Willson Contreras,Cubs,11609,575929
Scooter Gennett,Reds,10339,571697
David Peralta,Diamondbacks,2136,444482
Anthony Rizzo,Cubs,3473,519203
Mitch Haniger,Mariners,14274,571745
Jean Segura,Mariners,5933,516416
Josh Donaldson,Blue Jays,5038,518626
Joey Gallo,Rangers,14128,608336
Jose Abreu,White Sox,15676,547989
Elvis Andrus,Rangers,8709,462101
Cesar Hernandez,Phillies,10556,514917
Gary Sanchez,Yankees,11442,596142
Zack Cozart,- - -,2616,446359
Yasmani Grandal,Dodgers,11368,518735
Marwin Gonzalez,Astros,5497,503556
Kyle Seager,Mariners,9785,572122
Trevor Story,Rockies,12564,596115
Justin Smoak,Blue Jays,9054,475253
Ozzie Albies,Braves,16556,645277
Andrew McCutchen,- - -,9847,457705
Khris Davis,Athletics,9112,501981
Paul DeJong,Cardinals,18015,657557
Robinson Cano,Mariners,3269,429664
Eduardo Escobar,- - -,6153,500871
A.J. Pollock,Diamondbacks,9256,572041
Corey Dickerson,- - -,10762,572816
Rhys Hoskins,Phillies,16472,656555
Brandon Belt,Giants,10264,474832
Marcus Semien,Athletics,12533,543760
Daniel Murphy,- - -,4316,502517
Mike Zunino,Mariners,13265,572287
Ian Kinsler,- - -,6195,435079
Brandon Crawford,Giants,5343,543063
Todd Frazier,- - -,785,453943
Brandon Nimmo,Mets,12927,607043
Josh Reddick,Astros,3892,502210
Ender Inciarte,Braves,4922,542255
Kolten Wong,Cardinals,12532,543939
Jose Iglesias,Tigers,10231,578428
Michael A. Taylor,Nationals,11489,572191
Ryan Zimmerman,Nationals,4220,475582
Odubel Herrera,Phillies,11476,546318
Francisco Cervelli,Pirates,5275,465041
Carlos Santana,- - -,2396,467793
Jonathan Schoop,- - -,11265,570731
Shin-Soo Choo,Rangers,3174,425783
Jackie Bradley Jr.,Red Sox,12984,598265
Avisail Garcia,White Sox,5760,541645
Jesus Aguilar,Brewers,11342,542583
Kyle Schwarber,Cubs,16478,656941
Yadier Molina,Cardinals,7007,425877
Mike Moustakas,- - -,4892,519058
Starling Marte,Pirates,9241,516782
Kurt Suzuki,Braves,8259,435559
Matt Olson,Athletics,14344,621566
Eric Hosmer,- - -,3516,543333
Robinson Chirinos,Rangers,3142,455139
Yasiel Puig,Dodgers,14225,624577
Mallex Smith,Rays,13608,605480
Nicholas Castellanos,Tigers,11737,592206
Dee Gordon,- - -,8203,543829
Nick Markakis,Braves,5930,455976
Adrian Beltre,Rangers,639,134181
Starlin Castro,- - -,4579,516770
Kevin Kiermaier,Rays,11038,595281
Jedd Gyorko,Cardinals,10816,576397
Max Muncy,Dodgers,13301,571970
Michael Brantley,Indians,4106,488726
Tyler Flowers,Braves,9134,452095
Steven Souza Jr.,- - -,5667,519306
Max Kepler,Twins,12144,596146
Kevin Pillar,Blue Jays,12434,607680
Yan Gomes,Indians,9627,543228
Yolmer Sanchez,White Sox,11602,570560
Asdrubal Cabrera,- - -,4962,452678
Ben Zobrist,Cubs,7435,450314
Welington Castillo,- - -,3256,456078
Salvador Perez,Royals,7304,521692
Domingo Santana,Brewers,10348,570267
Johan Camargo,Braves,14950,622666
Omar Narvaez,White Sox,13338,553882
Jose Martinez,Cardinals,7996,500874
Byron Buxton,Twins,14161,621439
Ian Happ,Cubs,17919,664023
Tucker Barnhart,Reds,10200,571466
Edwin Encarnacion,Indians,2151,429665
Yonder Alonso,- - -,2530,475174
Eric Thames,Brewers,3711,519346
Josh Harrison,Pirates,8202,543281
Denard Span,- - -,8347,452655
David Freese,Pirates,9549,501896
DJ LeMahieu,Rockies,9874,518934
Addison Russell,Cubs,14106,608365
Joe Mauer,Twins,1857,408045
Jon Jay,- - -,5227,445055
Evan Longoria,- - -,9368,446334
Tim Beckham,- - -,7949,542921
Enrique Hernandez,Dodgers,10472,571771
Harrison Bader,Cardinals,18030,664056
Jake Lamb,Diamondbacks,13329,571875
Jason Heyward,Cubs,4940,518792
Alex Avila,- - -,7476,488671
Joc Pederson,Dodgers,11899,592626
Matt Joyce,Athletics,3353,459964
Russell Martin,Blue Jays,4616,431145
Justin Bour,- - -,9744,571506
Albert Almora Jr.,Cubs,14109,546991
Wil Myers,Padres,10047,571976
Austin Barnes,Dodgers,12158,605131
Kole Calhoun,Angels,11200,594777
Curtis Granderson,- - -,4747,434158
Jordy Mercer,Pirates,6547,474568
Juan Soto,Nationals,20123,665742
Ronald Acuna,Braves,18401,660670
Wilson Ramos,- - -,1433,467092
Scott Schebler,Reds,12225,594988
Ben Gamel,Mariners,12160,592325
Daniel Robertson,Rays,14145,621002
Manuel Margot,Padres,14712,622534
Jurickson Profar,Rangers,10815,595777
Delino DeShields,Rangers,11379,592261
Logan Morrison,- - -,9205,489149
Ryan Braun,Brewers,3410,460075
Miguel Andujar,Yankees,15878,609280
Billy Hamilton,Reds,10199,571740
Manny Pina,Brewers,2829,444489
Yoenis Cespedes,Mets,13110,493316
Adam Jones,Orioles,6368,430945
Jarrod Dyson,- - -,4866,502481
Miguel Sano,Twins,12164,593934
Jeimer Candelario,- - -,13621,600869
Jake Marisnick,Astros,11339,545350
Jorge Polanco,Twins,13152,593871
Matt Adams,- - -,9393,571431
Miguel Rojas,Marlins,7802,500743
Joey Wendle,- - -,13853,621563
Randal Grichuk,- - -,10243,545341
Ketel Marte,Diamondbacks,13613,606466
Jay Bruce,- - -,9892,457803
Lonnie Chisenhall,Indians,7571,502082
Freddy Galvis,- - -,6609,520471
Gregory Polanco,Pirates,12907,570256
Brian Anderson,Marlins,18289,605119
Neil Walker,- - -,7539,435522
Yoan Moncada,White Sox,17232,660162
Leonys Martin,- - -,11846,547982
Chris Iannetta,- - -,8267,455104
Martin Maldonado,- - -,6887,455117
Nick Ahmed,Diamondbacks,12147,605113
Mitch Moreland,Red Sox,3086,519048
Derek Dietrich,Marlins,10542,518618
Howie Kendrick,- - -,4229,435062
Tim Anderson,White Sox,15172,641313
Adam Duvall,- - -,10950,594807
Jorge Alfaro,Phillies,12180,595751
Joe Panik,Giants,11936,605412
Daniel Descalso,Diamondbacks,8392,518614
Juan Lagares,Mets,5384,501571
Adam Frazier,Pirates,15223,624428
Carlos Gomez,- - -,4881,460576
Brian McCann,Astros,4810,435263
Adeiny Hechavarria,- - -,10459,588751
Logan Forsythe,- - -,7185,523253
Cory Spangenberg,Padres,12294,605486
Yulieski Gurriel,Astros,19198,493329
Bradley Zimmer,Indians,16221,605548
Jonathan Lucroy,- - -,7870,518960
Jose Peraza,Reds,13593,606299
Dustin Pedroia,Red Sox,8370,456030
Austin Jackson,- - -,9848,457706
C.J. Cron,- - -,12546,543068
Jason Kipnis,Indians,9776,543401
Carlos Gonzalez,Rockies,7287,471865
Christian Villanueva,Padres,11738,570799
Cameron Maybin,- - -,5223,457727
Brandon Phillips,- - -,791,408252
Wilmer Difo,Nationals,14320,594694
Wilmer Flores,Mets,5827,527038
Rougned Odor,Rangers,12282,596059
Nick Williams,Phillies,14330,608384
Keon Broxton,Brewers,9253,542979
Rafael Devers,Red Sox,17350,646240
Eduardo Nunez,- - -,6848,456488
Jacoby Ellsbury,Yankees,4727,453056
Rene Rivera,- - -,3648,425784
Matt Duffy,Rays,13836,622110
Shohei Ohtani,Angels,19755,660271
Chase Headley,- - -,4720,452104
Evan Gattis,Astros,11003,594828
Elias Diaz,Pirates,11680,553869
David Fletcher,Angels,17992,664058
Austin Hedges,Padres,12976,595978
Nick Delmonico,White Sox,13157,547170
Chad Pinder,Athletics,15191,640461
Max Stassi,Astros,10059,545358
Steve Pearce,- - -,9957,456665
Stephen Piscotty,- - -,13367,572039
Maikel Franco,Phillies,12179,596748
Jesse Winker,Reds,13590,608385
Chase Utley,Dodgers,1679,400284
Jason Castro,Twins,8722,488771
Leury Garcia,White Sox,5913,544725
Nick Hundley,Giants,3376,460026
Ronald Torreyes,Yankees,11400,591720
Gleyber Torres,Yankees,16997,650402
Tyler White,Astros,15564,643603
James McCann,Tigers,12859,543510
Dexter Fowler,Cardinals,4062,451594
Aledmys Diaz,- - -,15937,649557
Jose Pirela,Padres,5485,517369
Brett Phillips,- - -,14735,621433
Trey Mancini,Orioles,15149,641820
Adam Eaton,Nationals,11205,594809
Isiah Kiner-Falefa,Rangers,16512,643396
Ehire Adrianza,Twins,8418,501303
Dansby Swanson,Braves,18314,621020
Greg Garcia,Cardinals,10951,594824
Jose Reyes,Mets,1736,408314
Hernan Perez,Brewers,5751,541650
Kevin Plawecki,Mets,13807,608700
Jorge Bonifacio,Royals,12174,593528
A.J. Ellis,- - -,5677,454560
Nomar Mazara,Rangers,14553,608577
Max Scherzer,Nationals,3137,453286
Zack Greinke,Diamondbacks,1943,425844
David Bote,Cubs,14593,623520
Josh Bell,Pirates,13145,605137
Eric Young Jr.,Angels,7158,458913
Andrew Knapp,Phillies,14942,595284
Daniel Nava,Phillies,5450,537953
Austin Slater,Giants,16153,596103
Adam Lind,Nationals,8027,452252
Lucas Duda,- - -,2502,446263
Charlie Culberson,- - -,3298,518586
Hunter Renfroe,Padres,15464,592669
Mark Reynolds,- - -,7619,448602
Curt Casali,- - -,12510,592200
Chris Gimenez,- - -,7324,460269
Christian Vazquez,Red Sox,9774,543877
Tony Kemp,Astros,14894,643393
Lane Adams,Braves,10767,572669
Devin Mesoraco,- - -,5666,519023
Mikie Mahtook,Tigers,13130,543484
Pedro Florimon,Phillies,8385,465753
Travis Jankowski,Padres,13768,608671
Teoscar Hernandez,- - -,13066,606192
Jeff McNeil,Mets,15362,643446
Jeremy Hazelbaker,Diamondbacks,9399,571757
Jake Bauers,Rays,15194,641343
Lourdes Gurriel,Blue Jays,19238,666971
Tommy La Stella,Cubs,12371,600303
Ronald Guzman,Rangers,14388,608597
Mitch Garver,Twins,15161,641598
Cameron Rupp,Phillies,11146,519237
Clayton Kershaw,Dodgers,2036,477132
T.J. Rivera,Mets,12495,608061
Mark Canha,Athletics,11445,592192
Gorkys Hernandez,Giants,4146,491676
Travis d'Arnaud,Mets,7739,518595
Yunel Escobar,Angels,4191,488862
Brian Goodwin,- - -,12858,571718
Tyler O'Neill,Cardinals,15711,641933
Amed Rosario,Mets,15518,642708
Colby Rasmus,- - -,9893,458675
Aaron Altherr,Phillies,11270,571437
Matt Kemp,- - -,5631,461314
Yandy Diaz,Indians,16578,650490
Erik Gonzalez,Indians,13369,570481
Nick Martini,Athletics,12005,605361
Orlando Arcia,Brewers,13185,606115
Carlos Martinez,Cardinals,11682,593372
Ezequiel Carrera,Blue Jays,9048,485567
German Marquez,Rockies,15038,608566
Jhoulys Chacin,- - -,2608,468504
Alex Gordon,Royals,5209,460086
Joey Rickard,Orioles,13277,572073
Adam Wainwright,Cardinals,2233,425794
Jonathan Villar,- - -,10071,542340
Jake Cave,Twins,14477,595909
Chance Sisco,Orioles,15694,642082
Jacob deGrom,Mets,10954,594798
Max Moroff,Pirates,14556,621559
J.T. Riddle,Marlins,17642,595375
Andrew Toles,Dodgers,13414,592808
Francisco Arcia,Angels,10286,516472
Miguel Cabrera,Tigers,1744,408234
Seth Smith,Orioles,7331,452234
Cedric Mullins II,Orioles,17929,656775
Devon Travis,Blue Jays,13862,581527
Brandon Drury,- - -,11615,592273
Brent Suter,Brewers,13942,608718
Niko Goodrum,- - -,12092,592348
Franchy Cordero,Padres,14567,614173
Phillip Ervin,Reds,14738,640447
Willy Adames,Rays,15986,642715
Craig Gentry,Orioles,9571,502226
Patrick Corbin,Diamondbacks,9323,571578
Carlos Ruiz,Mariners,2579,434563
Renato Nunez,- - -,14503,600524
Madison Bumgarner,Giants,5524,518516
Austin Wynns,Orioles,15271,642851
Alex Presley,Tigers,5305,502100
Caleb Joseph,Orioles,7087,543376
Kennys Vargas,Twins,12101,573627
J.P. Crawford,Phillies,15491,641487
Ty Blach,Giants,14361,621389
Ji-Man Choi,- - -,5452,596847
Roman Quinn,Phillies,13546,596451
Kevan Smith,White Sox,12284,607345
Tyler Glasnow,- - -,14374,607192
Nori Aoki,- - -,13075,493114
Colin Moran,- - -,16909,592567
Rajai Davis,- - -,3708,434658
Vince Velasquez,Phillies,11189,592826
Danny Jansen,Blue Jays,16535,643376
Matt Wieters,Nationals,4298,446308
Rob Brantly,White Sox,10655,542963
Taijuan Walker,Diamondbacks,11836,592836
Chris Bostick,- - -,13718,607471
Shane Peterson,Rays,7423,451089
Robbie Ray,Diamondbacks,11486,592662
Jose Briceno,Angels,13151,593993
Boog Powell,- - -,15103,621471
Josh Phegley,Athletics,9308,572033
Isaac Galloway,Marlins,5238,543194
Austin Romine,Yankees,5491,519222
Jarrett Parker,Giants,11624,592620
Julio Teheran,Braves,6797,527054
Yangervis Solarte,- - -,5352,500208
Michael Lorenzen,Reds,14843,547179
Homer Bailey,Reds,8362,456701
Tyler Austin,- - -,11850,592122
Yairo Munoz,Cardinals,16313,622168
Eric Sogard,Brewers,7927,519299
Craig Stammen,Padres,7274,489334
Steven Duggar,Giants,17719,621453
Dwight Smith Jr.,Blue Jays,13473,596105
Bruce Maxwell,Athletics,13866,622194
Travis Wood,- - -,9884,475243
Erik Kratz,- - -,4403,456124
Clayton Richard,Padres,3551,453385
Luke Maile,Blue Jays,13355,571912
John Jaso,Pirates,5887,444379
Robert Gsellman,Mets,13696,607229
Brandon Woodruff,Brewers,16162,605540
John Hicks,Tigers,12547,543308
Kaleb Cowart,Angels,11494,592230
Hyun-Jin Ryu,Dodgers,14444,547943
Trevor Cahill,- - -,6249,502239
Noah Syndergaard,Mets,11762,592789
A.J. Cole,- - -,11467,595918
Marcus Stroman,Blue Jays,13431,573186
David Dahl,Rockies,13744,621311
Ben Lively,Phillies,14932,594902
Jesus Sucre,Rays,5942,491696
Dustin Garneau,- - -,9433,572863
Peter Bourjos,- - -,2578,488721
Steven Brault,Pirates,15291,643230
Jon Lester,Cubs,4930,452657
Gregor Blanco,- - -,3123,453923
Adalberto Mondesi,Royals,13769,609275
Ryan Schimpf,- - -,9953,572114
Ryan McMahon,Rockies,15112,641857
Garrett Cooper,- - -,15279,643265
Austin Meadows,Pirates,15672,640457
Luis Perdomo,Padres,14682,606131
Ramon Laureano,Athletics,17128,657656
Ryan O'Hearn,Royals,16442,656811
Anthony DeSclafani,Reds,13050,543101
Gerardo Parra,Rockies,8553,467827
Kolby Allard,Braves,18694,663465
Dilson Herrera,Reds,14335,599096
Andrew Albers,Mariners,7853,452027
Rafael Ortega,Marlins,10323,542364
Michael Perez,Rays,12977,605421
Stephen Strasburg,Nationals,10131,544931
Luke Voit,- - -,14811,572228
Mike Leake,- - -,10130,502190
Tzu-Wei Lin,Red Sox,14678,624407
Daniel Mengden,Athletics,16980,596043
Patrick Wisdom,Cardinals,13602,621550
Jake Arrieta,- - -,4153,453562
Tanner Roark,Nationals,8753,543699
Miles Mikolas,Cardinals,9803,571945
Darrell Ceciliani,Blue Jays,9954,571553
Spencer Kieboom,Nationals,13300,571851
Wade Miley,- - -,8779,489119
Dan Jennings,- - -,8073,543359
Luke Weaver,Cardinals,16918,596133
Joe Ross,Nationals,12972,605452
Franklin Barreto,Athletics,15519,620439
Joe Musgrove,- - -,12970,605397
Austin Dean,Marlins,18288,621573
Robbie Erlin,Padres,10354,572362
Ian Kennedy,Royals,6986,453178
Chris Rusin,Rockies,9895,543734
Brad Peacock,Astros,5401,502748
Kenley Jansen,Dodgers,3096,445276
Kyle Gibson,Twins,10123,502043
Christian Walker,Diamondbacks,13419,572233
Carlos Rodon,White Sox,16137,607074
Seth Lugo,Mets,12447,607625
Sandy Leon,Red Sox,5273,506702
Alen Hanson,- - -,12926,593700
Kendrys Morales,Blue Jays,8610,434778
Rymer Liriano,White Sox,4779,542642
John Andreoli,- - -,13012,607430
Vidal Nuno,- - -,9674,573064
Erasmo Ramirez,- - -,10314,541640
Yasmany Tomas,Diamondbacks,17171,630111
Carlos Asuaje,Padres,15197,641319
Raffy Lopez,- - -,12606,607257
Randy Rosario,- - -,14508,600968
Shane Bieber,Indians,19427,669456
Aaron Blair,Braves,14934,594760
Wily Peralta,- - -,7738,503449
J.A. Happ,- - -,7410,457918
Rick Porcello,Red Sox,2717,519144
Derek Norris,Rays,6867,519083
Franmil Reyes,Padres,14566,614177
Jaime Garcia,- - -,8137,448802
Jackson Stephens,Reds,14420,623451
Zach Davies,Brewers,13183,605200
Stephen Drew,Nationals,4251,452220
Adam Morgan,Phillies,12580,605388
Jake Buchanan,Reds,10962,594772
Hunter Pence,Giants,8252,452254
Matt Skole,White Sox,12119,605474
Zack Wheeler,Mets,10310,554430
Gerrit Cole,- - -,13125,543037
Sean Gilmartin,- - -,12781,543219
Lisalverto Bonilla,Reds,11266,570810
Tyson Ross,- - -,7872,475115
Edinson Volquez,Marlins,3990,450172
Sam Gaviglio,- - -,12778,543208
Mike Montgomery,Cubs,4869,543557
Garrett Hampson,Rockies,19262,641658
Jacob Stallings,Pirates,13723,607732
Drew Hutchison,- - -,10732,571800
Rookie Davis,Reds,14962,606959
Matt Szczur,- - -,11255,519333
Dennis Santana,Dodgers,17878,642701
Jesse Biddle,Braves,11437,592145
Jorge Lopez,- - -,14527,605347
Enny Romero,- - -,4001,544836
Tyler Naquin,Indians,13359,571980
Jim Adduci,Tigers,6448,451192
Grayson Greiner,Tigers,17062,606988
Blake Snell,Rays,13543,605483
Ryan Lavarnway,Athletics,8879,543432
Luis Valbuena,Angels,4969,472528
Kelby Tomlinson,Giants,13005,605509
Efren Navarro,- - -,9854,519068
Jefry Rodriguez,Nationals,17018,622446
Joey Lucchesi,Padres,19320,664192
Dan Straily,Marlins,9460,573185
Rickie Weeks Jr.,Rays,1849,430001
Derek Law,Giants,13133,571882
Melky Cabrera,- - -,4022,466320
Chad Sobotka,Braves,17470,656977
Brett Anderson,- - -,8223,474463
Jose Torres,Padres,14957,600526
David Price,Red Sox,3184,456034
Shelby Miller,Diamondbacks,10197,571946
Dusty Coleman,Padres,8979,543038
Gregorio Petit,Twins,3812,463610
Raisel Iglesias,Reds,17130,628452
Jordan Montgomery,Yankees,16511,656756
Nick Kingham,Pirates,11694,592468
Ervin Santana,Twins,3200,429722
Jake Thompson,Phillies,14371,622097
Tyler Mahle,Reds,16358,641816
Jason Vargas,- - -,8044,450306
Jerry Blevins,Mets,7841,460283
Tyler Smith,Mariners,12490,642094
Matt Koch,Diamondbacks,13420,571863
Cliff Pennington,- - -,3395,460060
Yovani Gallardo,- - -,8173,451596
Alex Meyer,Angels,12833,543542
Michael Pineda,Yankees,5372,501381
Dietrich Enns,Twins,13932,608650
Alex Verdugo,Dodgers,17027,657077
Billy McKinney,- - -,15654,641856
Hector Rondon,- - -,2391,444468
Antonio Bastardo,Pirates,8844,455374
Joe Blanton,Nationals,4849,430599
Jacob Barnes,Brewers,12323,606930
Matt Cain,Giants,4732,430912
Chris Sale,Red Sox,10603,519242
Victor Robles,Nationals,18363,645302
P.J. Conlon,Mets,18213,664869
Christian Bergman,Mariners,10925,548357
Fernando Salas,- - -,4971,477569
Jacob Nottingham,Brewers,16448,641924
Jordan Lyles,- - -,7593,543475
Nathan Eovaldi,- - -,9132,543135
Domingo German,Yankees,17149,593334
Sean Manaea,Athletics,15873,640455
Mike Mayers,Cardinals,15451,594577
Ricky Nolasco,Angels,3830,445060
Rob Zastryzny,Cubs,15094,642239
Seranthony Dominguez,Phillies,19249,622554
Pablo Lopez,Marlins,17085,641154
Tyler Lyons,Cardinals,11334,544928
A.J. Schugel,Pirates,11432,519263
Nick Martinez,Rangers,12730,607259
Robbie Grossman,Twins,5254,543257
Vance Worley,Marlins,6435,474699
Merandy Gonzalez,Marlins,17313,642571
Mac Williamson,Giants,14158,607776
Jhan Marinez,- - -,5830,501697
Taylor Williams,Brewers,14899,592865
Paolo Espino,- - -,8246,502179
Danny Duffy,Royals,3542,518633
Carlos Carrasco,Indians,6632,471911
Tommy Milone,- - -,7608,543548
David Hess,Orioles,16130,605276
Jorge Soler,Royals,14221,624585
Troy Tulowitzki,Blue Jays,3531,453064
Kevin Shackelford,Reds,11012,594992
Adam Conley,Marlins,14457,543045
Justin Verlander,- - -,8700,434378
Chris Flexen,Mets,13896,623167
Daniel Gossett,Athletics,16164,605254
Archie Bradley,Diamondbacks,12918,605151
Caleb Ferguson,Dodgers,19349,657571
Ben Revere,Angels,4712,519184
Dylan Bundy,Orioles,12917,605164
Bryan Mitchell,- - -,11479,571951
Steve Wilkerson,Orioles,16041,592859
Phillip Evans,Mets,12950,595943
Tyler Chatwood,- - -,4338,543022
Luke Jackson,Braves,11752,592426
Matt Boyd,Tigers,15440,571510
Jose Rondon,White Sox,14140,602922
Ubaldo Jimenez,Orioles,3374,434622
James Shields,White Sox,7059,448306
Kevin Gausman,- - -,14107,592332
Brock Stewart,Dodgers,16727,592779
CC Sabathia,Yankees,404,282332
Jerad Eickhoff,Phillies,12664,595191
Jorge De La Rosa,- - -,2047,407822
Zach Vincej,- - -,13269,572227
Taylor Ward,Angels,17548,621493
Marco Gonzales,- - -,15467,594835
Mark Zagunis,Cubs,16565,657145
Walker Lockett,Padres,13804,621141
Brian Johnson,Red Sox,14272,598271
Deck McGuire,- - -,11596,592547
Tim Locastro,Dodgers,15124,641796
Michael Reed,Braves,13228,605439
Julio Urias,Dodgers,14765,628711
Wade LeBlanc,- - -,5221,453281
Neftali Feliz,- - -,18,491703
Xavier Cedeno,- - -,36,458584
Fernando Rodney,- - -,494,407845
Jason Grilli,- - -,521,276351
Rhiner Cruz,Blue Jays,711,462480
Matt Bush,Rangers,1246,456713
Adam Ottavino,Rockies,1247,493603
Pedro Beato,Phillies,1330,474039
Andrew Bailey,Angels,1368,457732
Joaquin Benoit,- - -,1437,276542
Oliver Perez,- - -,1514,424144
Sean Doolittle,- - -,1581,448281
Francisco Rodriguez,Tigers,1642,408061
Matt Belisle,- - -,1837,279571
Ryan Madson,- - -,1852,425492
Jeremy Guthrie,Nationals,2072,425386
Chad Qualls,Rockies,2170,430589
Blaine Boyer,- - -,2237,430641
Fabio Castillo,Dodgers,2826,503566
Ross Detwiler,Mariners,2859,446321
Santiago Casilla,Athletics,2873,433586
Zach McAllister,- - -,2895,502083
Tim Collins,Nationals,3164,525768
Will Harris,Astros,3192,501789
Chris Young,Royals,3196,432934
Zach Britton,- - -,3240,502154
Joe Smith,- - -,3281,501925
Chris Hatcher,- - -,3299,501822
Darren O'Day,Orioles,3321,503285
Jumbo Diaz,Rays,3397,471822
Liam Hendriks,Athletics,3548,521230
Tony Barnette,Rangers,3555,501817
Jim Johnson,- - -,3656,462382
Rubby de la Rosa,Diamondbacks,3862,523989
Casey Fien,- - -,3926,502272
Edward Mujica,Tigers,3970,465629
Yusmeiro Petit,- - -,4020,433589
Dan Runzler,Pirates,4080,502130
Luke Gregerson,- - -,4090,502381
Edward Paredes,Dodgers,4168,487675
Mark Melancon,Giants,4264,453343
Matt Albers,- - -,4300,458006
Craig Breslow,- - -,4363,444520
Pat Neshek,- - -,4682,450212
Nate Jones,White Sox,4696,518858
Jonathan Broxton,Cardinals,4759,455009
Brandon Maurer,- - -,4878,543506
Peter Moylan,- - -,4891,493247
Fernando Abad,Red Sox,4994,472551
Jake Diekman,- - -,5003,518617
Josh Fields,Dodgers,5070,451661
Brandon Mann,Rangers,5172,448167
Ernesto Frieri,Rangers,5178,457117
Mike Pelfrey,White Sox,5203,460059
Blake Parker,Angels,5224,453284
Chris Tillman,Orioles,5279,501957
Jose Alvarez,Angels,5358,501625
Arodys Vizcaino,Braves,5498,527055
Boone Logan,- - -,5525,457429
Ryan Brasier,Red Sox,5615,518489
Tyler Clippard,- - -,5640,461325
Eric O'Flaherty,Braves,5746,447714
Bruce Rondon,- - -,5766,541652
Jason Motte,Braves,5861,435400
Danny Salazar,Indians,5867,517593
Kelvin Herrera,- - -,6033,516969
Diego Moreno,Rays,6238,514981
Al Alburquerque,- - -,6324,456379
Trevor May,Twins,6398,543507
Kevin Jepsen,Rangers,6475,448178
Blaine Hardy,Tigers,6499,543278
Robert Stock,Padres,6576,476594
Marc Rzepczynski,- - -,6612,519240
Brad Brach,- - -,6627,542960
Craig Kimbrel,Red Sox,6655,518886
Alex Colome,- - -,6661,517008
Robbie Ross Jr.,Red Sox,6819,543726
Joakim Soria,- - -,6941,465657
Luis Garcia,Phillies,6984,472610
Ryan Pressly,- - -,7005,519151
Pat Venditte,Dodgers,7108,519381
Jonny Venters,- - -,7175,458924
Greg Holland,- - -,7196,518813
Brad Ziegler,- - -,7293,446899
Preston Guilmet,- - -,7303,543258
Josh Collmenter,Braves,7312,518567
Dan Otero,Indians,7385,519096
Dillon Gee,- - -,7396,518716
Wade Davis,- - -,7441,451584
Anthony Swarzak,- - -,7466,461872
Tommy Layne,Yankees,7501,518927
Evan Scribner,Mariners,7525,519267
Lucas Harrell,Blue Jays,7541,449173
Jake McGee,Rockies,7550,459429
Nick Vincent,Mariners,7555,543883
Carlos Torres,- - -,7624,448614
David Holmberg,White Sox,7725,571787
Richard Bleier,Orioles,7803,542947
Hunter Strickland,Giants,7836,519326
Anthony Bass,- - -,7982,542914
Marcus Walden,Red Sox,8004,519393
Jason Gurka,Angels,8007,543261
Glen Perkins,Twins,8041,450282
Will Smith,Giants,8048,519293
Bryan Shaw,- - -,8110,543766
Kevin Siegrist,- - -,8180,543779
Steven Wright,Red Sox,8185,453214
David Robertson,- - -,8241,502085
J.P. Howell,Blue Jays,8245,434442
Huston Street,Angels,8258,434718
AJ Ramos,- - -,8350,573109
Deolis Guerra,Angels,8410,500610
Michael Brady,Athletics,8461,572728
John Lamb,Angels,8493,543424
Danny Farquhar,- - -,8501,543144
Jeff Beliveau,- - -,8504,542924
Justin Miller,Nationals,8580,502522
Oliver Drake,- - -,8823,543118
Arcenio Leon,Tigers,8846,455376
Ryan Cook,Mariners,8855,475857
Cesar Valdez,- - -,9013,491624
Adam Warren,- - -,9029,476589
Jeanmar Gomez,- - -,9033,491646
J.J. Hoover,- - -,9037,543331
John Axford,- - -,9059,446099
Jeremy Bleich,Athletics,9069,542946
Zach Putnam,White Sox,9080,474029
Gregory Infante,White Sox,9119,500872
T.J. House,Blue Jays,9121,543334
Tim Melville,- - -,9149,543532
Koji Uehara,Cubs,9227,493157
Alex Wilson,Tigers,9239,543935
Simon Castro,Athletics,9243,501563
Jared Hughes,- - -,9325,453172
Zac Rosscup,- - -,9419,573127
Ryan Buchter,- - -,9456,488748
Bud Norris,- - -,9492,502032
Mike Zagurski,Brewers,9683,489448
Louis Coleman,Tigers,9720,488786
David Hale,- - -,9756,571735
Joe Kelly,Red Sox,9761,523260
Garrett Richards,Angels,9784,572070
Rex Brothers,Braves,9794,571521
Chaz Roe,- - -,9866,475054
Chris Volstad,White Sox,9901,458690
Brandon Kintzler,- - -,9939,445213
Mike Dunn,Rockies,9948,445197
Mike Minor,- - -,10021,501985
Ashur Tolliver,Astros,10044,572208
Brad Boxberger,- - -,10133,502202
Jose Ramirez,Braves,10171,542432
Aroldis Chapman,Yankees,10233,547973
Bryan Morris,Giants,10234,457768
Alexi Ogando,Indians,10261,468396
Justin Marks,Rays,10265,476123
Tanner Scheppers,Rangers,10267,489294
Chad Bell,Tigers,10297,518445
Chris Heston,- - -,10302,518790
Michael Tonkin,Twins,10315,543859
Juan Minaya,White Sox,10341,573668
Aaron Loup,- - -,10343,571901
Brooks Pounders,- - -,10387,572044
Mychal Givens,Orioles,10430,571710
Preston Claiborne,Rangers,10500,502011
Hunter Cervenka,Marlins,10510,543017
Addison Reed,- - -,10586,592665
Tyler Thornburg,Red Sox,10688,592804
Scott Copeland,Mets,10706,571577
Trevor Rosenthal,Cardinals,10745,572096
Shane Greene,Tigers,10756,572888
Josh Edgin,Mets,10796,572831
Adam Kolarek,Rays,10843,592473
Josh Smith,Athletics,10946,595001
Chase Whitley,- - -,10982,595032
Mike Bolsinger,Blue Jays,11137,502211
Grant Dayton,Dodgers,11203,594795
Zach Neal,- - -,11294,594943
Seth Frankoff,Cubs,11346,571676
Brandon Cumpton,Blue Jays,11366,592238
Tommy Kahnle,- - -,11384,592454
Danny Barnes,Blue Jays,11388,592130
Alex Wimmers,Twins,11394,592872
Brandon Workman,Red Sox,11428,519443
Sammy Solis,Nationals,11457,519301
Joely Rodriguez,Phillies,11487,570257
Aaron Sanchez,Blue Jays,11490,592717
Parker Bridwell,Angels,11502,592170
Jeff Ferrell,Tigers,11506,594815
Josh Osich,Giants,11528,592612
Dayan Diaz,Astros,11543,500765
Dovydas Neverauskas,Pirates,11604,596720
Josh Lucas,- - -,11686,572998
Tayron Guerrero,Marlins,11691,594027
Sam Dyson,- - -,11710,473879
Erik Goeddel,- - -,11712,592340
Carlos Ramirez,- - -,11743,570702
Kyle Ryan,Tigers,11753,594986
Myles Jaye,Tigers,11769,594867
James Paxton,Mariners,11828,572020
Chris Martin,Rangers,11847,455119
Jason Adam,Royals,11861,592094
Taylor Cole,- - -,11964,518566
Brian Flynn,Royals,12027,543169
Yimi Garcia,Dodgers,12095,554340
David Goforth,Brewers,12166,592341
Cody Martin,Mariners,12182,592533
Cody Allen,Indians,12183,592102
Akeel Morris,- - -,12185,592570
Seth Maness,Royals,12235,595307
Ryan Sherriff,Cardinals,12249,595411
Leonel Campos,Blue Jays,12277,599998
Evan Marshall,- - -,12297,605359
Chris Bassitt,Athletics,12304,605135
Nick Tropeano,Angels,12385,607374
Cory Mazzoni,- - -,12537,543508
Tony Cingrani,- - -,12555,571561
Jack Leathersich,- - -,12562,605333
Blake Treinen,- - -,12572,595014
Nathan Karns,Royals,12638,501992
Roenis Elias,- - -,12673,606273
Tyler Wilson,Orioles,12691,592869
Ryan Carpenter,Tigers,12699,543001
Adrian Houser,Brewers,12718,605288
Jake Esch,Padres,12756,605222
Jairo Diaz,Rockies,12774,545064
Burch Smith,Royals,12784,572143
Raul Alcantara,Athletics,12790,593417
Noe Ramirez,- - -,12800,598287
Carter Capps,Padres,12803,605169
Shawn Armstrong,Indians,12857,542888
Matt Barnes,Red Sox,12863,598264
Tony Zych,Mariners,12876,543964
Alex Claudio,Rangers,12890,592222
Logan Verrett,Orioles,12905,548337
Ken Giles,- - -,12910,571704
Andrew Chafin,Diamondbacks,12988,605177
Colten Brewer,Padres,12997,605155
Robby Scott,Red Sox,13042,582494
Hisashi Iwakuma,Mariners,13048,547874
Reymin Guduan,Astros,13058,594056
Taylor Jungmann,Brewers,13119,543380
Jason Wheeler,Twins,13128,605528
Carson Smith,Red Sox,13172,605476
Kyle Crick,- - -,13182,605195
Jesse Hahn,Athletics,13287,534910
Daniel Coulombe,Athletics,13293,543056
Jordan Jankowski,Astros,13313,543357
Jake Barrett,Diamondbacks,13322,545332
James Pazos,Mariners,13323,572021
William Cuevas,- - -,13331,571035
Cam Bedrosian,Angels,13360,592135
Damien Magnifico,Angels,13395,571911
Mike Morin,- - -,13442,573046
Tony Renda,Red Sox,13443,573113
Taylor Rogers,Twins,13449,573124
Daniel Norris,Tigers,13475,596057
Sam Tuivailala,- - -,13485,592815
Alejandro Chacin,Reds,13530,591701
Andrew Triggs,Athletics,13533,592811
Justin Haley,- - -,13572,595234
Onelki Garcia,Royals,13674,607162
Nick Goody,Indians,13685,580792
Ryan Merritt,Indians,13688,607320
Jake Faria,Rays,13699,607188
Joey Krehbiel,Diamondbacks,13707,607216
Tyler Duffey,Twins,13758,608648
Dominic Leone,- - -,13763,608678
Roberto Osuna,- - -,13764,532077
Daniel Stumpf,Tigers,13780,621385
Austin Adams,Nationals,13801,613534
Alec Mills,Cubs,13834,621219
Scott Oberg,Rockies,13911,623184
Ryan Dull,Athletics,13974,623430
Ryan Garton,- - -,14016,623439
Mike Hauschild,- - -,14033,623434
Michael Ynoa,White Sox,14093,573589
Miguel Almonte,- - -,14139,602083
Rob Whalen,Mariners,14165,547007
Shae Simmons,Mariners,14200,623406
Dario Alvarez,Rangers,14239,516714
Austin Maddox,Red Sox,14241,545348
Ray Black,Giants,14244,605143
Luke Bard,Angels,14288,572703
Williams Jerez,Angels,14338,605301
Wei-Chung Wang,Brewers,14382,623913
Yohander Mendez,Rangers,14391,622795
Chris Smith,Blue Jays,14449,627262
Jose Valdez,- - -,14470,572308
J.B. Wendelken,Athletics,14506,605525
Thyago Vieira,- - -,14510,600986
Jose Leclerc,Rangers,14524,600917
Felix Jorge,Twins,14532,602928
Carlos Estevez,Rockies,14542,608032
Jose Ruiz,Padres,14552,614179
Jandel Gustave,Astros,14665,594311
Dillon Maples,Cubs,14672,596027
Andres Machado,Royals,14681,600921
Keone Kela,- - -,14696,605309
Jamie Callahan,Mets,14711,621094
Ty Buttrey,Angels,14719,621142
Tyler Olson,Indians,14741,621397
Brad Goldberg,White Sox,14776,643329
Buck Farmer,Tigers,14814,571656
Bobby Wahl,- - -,14832,592833
Matt Dermody,Blue Jays,14844,571616
Kyle Martin,Red Sox,14860,573016
Nick Rumbelow,Mariners,14867,592705
Sam Moll,Athletics,14874,594580
Jason Hursh,Braves,14914,592422
Scott Barlow,Royals,14993,605130
Jairo Labourt,Tigers,14996,607951
Luis Santos,Blue Jays,15006,608601
Corey Knebel,Brewers,15010,608349
Victor Alcantara,Tigers,15028,622505
Kyle Crockett,- - -,15033,641490
Chase De Jong,Mariners,15036,608328
Tim Mayza,Blue Jays,15042,641835
Lou Trivino,Athletics,15043,642152
Trevor Gott,Nationals,15046,641627
Silvino Bracho,Diamondbacks,15051,611093
Jaime Schultz,Rays,15066,621289
Hunter Wood,Rays,15091,621056
Ben Heller,Yankees,15100,621294
Jimmie Sherfy,Diamondbacks,15118,642073
Tyler Danish,White Sox,15126,641501
Jake Newberry,Royals,15136,641915
Daniel Wright,Angels,15179,642229
Glenn Sparkman,- - -,15200,642098
Kevin McGowan,Mets,15215,641850
Aaron Slegers,Twins,15231,642083
Kevin McCarthy,Royals,15240,641838
Keynan Middleton,Angels,15264,641871
Zac Reininger,Tigers,15285,643617
Austin Pruitt,Rays,15290,643493
Donnie Hart,Orioles,15306,643354
Zack Weiss,Reds,15444,592848
Ricardo Rodriguez,Rangers,15458,600965
Jose De Leon,Rays,15463,592254
Stephen Gonsalves,Twins,15492,624427
Kohl Stewart,Twins,15502,640464
Chad Green,Yankees,15552,643338
Dan Slania,Giants,15639,592753
Miguel Castro,Orioles,15684,612434
Ronald Herrera,Yankees,15688,622703
Jimmy Cordero,Nationals,15690,622772
Brad Keller,Royals,15734,641745
Joe Jimenez,Tigers,15761,641729
Zack Littell,Twins,15823,641793
Paul Fry,Orioles,15832,643316
Victor Arano,Phillies,15915,644364
Ryne Stanek,Rays,15947,592773
Stefan Crichton,Orioles,16058,592233
John Curtiss,Twins,16128,595928
Justin Shafer,Blue Jays,16132,596101
Eric Skoglund,Royals,16155,607215
Jace Fry,White Sox,16159,605240
Max Povse,Mariners,16165,605428
Justin Anderson,Angels,16201,605121
Aaron Bummer,White Sox,16258,607481
Sam Howard,Rockies,16265,607572
Eduardo Paredes,Angels,16344,622161
Gabriel Moya,Twins,16348,622382
Ryan Borucki,Blue Jays,16350,621366
Yonny Chirinos,Rays,16401,630023
Chih-Wei Hu,Rays,16419,629496
Trevor Oaks,Royals,16468,656805
Dan Altavilla,Mariners,16507,656186
Nick Gardewine,Rangers,16513,643320
Jonathan Holder,Yankees,16588,656547
Zac Curtis,- - -,16684,657205
Artie Lewicki,Tigers,16731,592499
Tim Hill,Royals,16814,657612
Eric Stout,Royals,16873,657770
Jake Jewell,Angels,16958,657228
Trevor Hildenberger,Twins,17002,657610
Ariel Jurado,Rangers,17030,642558
Sean Reid-Foley,Blue Jays,17034,656887
Jerry Vasto,Rockies,17126,657786
Osmer Morales,Angels,17133,591672
Jalen Beeks,- - -,17192,656222
Thomas Pannone,Blue Jays,17281,623381
Michael Kopech,White Sox,17282,656629
Framber Valdez,Astros,17295,664285
Francis Martes,Astros,17303,642564
Edgar Santana,Pirates,17355,650828
David Paulino,Astros,17418,600944
Heath Fillmyer,Royals,17466,641571
Diego Castillo,Rays,17496,650895
Andrew Moore,Mariners,17553,621058
Tanner Scott,Orioles,17586,656945
Tanner Rainey,Reds,17610,663432
Cody Carroll,Orioles,17664,606944
Jeffrey Springs,Rangers,17677,605488
Koda Glover,Nationals,17695,606983
Pedro Araujo,Orioles,17697,606478
Evan Phillips,- - -,17734,623465
Sandy Baez,Tigers,17754,622783
Drew Smith,Mets,17755,622098
Trey Wingenter,Padres,17793,622259
Daniel Zamora,Mets,17811,623354
Nestor Cortes,Orioles,17874,641482
Bobby Poyner,Red Sox,17987,596074
Tanner Anderson,Pirates,18029,664196
Phil Maton,Padres,18064,664208
Ryan Meisinger,Orioles,18105,664682
Ben Taylor,- - -,18114,664701
Chance Adams,Yankees,18135,664856
Tyler Kinley,Twins,18297,641755
Carson Fulmer,White Sox,18311,608334
A.J. Minter,Braves,18655,621345
Seung Hwan Oh,- - -,18719,493200
Drew Steckenrider,Marlins,18806,608716
Chris Rowley,Blue Jays,18820,635903
Gerson Bautista,Mets,19256,639373
Jesus Reyes,Reds,19277,660875
Matthew Festa,Mariners,19330,670036
Corbin Burnes,Brewers,19361,669203
Adam McCreery,Braves,19550,607030
Cionel Perez,Astros,19614,672335
Chris Archer,- - -,6345,502042
Josh Hader,Brewers,14212,623352
Jose Alvarado,Rays,17780,621237
Cole Hamels,- - -,4972,430935
Matt Davidson,White Sox,7226,571602
Andrew Heaney,Angels,15423,571760
Brandon Snyder,Rays,9856,474319
Pedro Baez,Dodgers,5420,520980
John Lackey,Cubs,1507,407793
Jordan Zimmermann,Tigers,4505,519455
Ryan Weber,- - -,10160,543901
Andrew Kittredge,Rays,12828,552640
Reynaldo Lopez,White Sox,16400,625643
Buddy Baumann,- - -,9309,571473
Drew Gagnon,Mets,12545,543193
Tyler Bashlor,Mets,15203,641341
Jacob Rhame,Mets,15267,642008
Phil Hughes,- - -,7450,461833
Kirby Yates,- - -,9073,489446
Tyler Webb,- - -,14974,643778
Kyle McGrath,Padres,16793,657681
Jose Castillo,Padres,17169,620454
Daniel Corcino,Dodgers,9266,542289
Adam Liberatore,Dodgers,10637,571893
J.T. Chargois,Dodgers,13767,608638
Pierce Johnson,- - -,13435,572955
Reyes Moronta,Giants,14966,606625
D.J. Snelten,Giants,15949,592769
Buddy Boshers,Twins,8490,542953
Alan Busenitz,Twins,15239,641427
Luis Cessa,Yankees,13345,570666
Giovanny Gallegos,Yankees,14986,606149
Brad Miller,- - -,12775,543543
Jake Petricka,- - -,10534,502593
Mike Wright,Orioles,12586,605541
Ben Meyer,Marlins,18854,656738
Alex Reyes,Cardinals,15015,621052
Dakota Hudson,Cardinals,19206,641712
Jordan Hicks,Cardinals,19618,663855
Warwick Saupold,Tigers,13211,599683
Drew VerHagen,Tigers,13424,572403
Zach Duke,- - -,3840,435043
Matt Magill,Twins,3950,543483
Adalberto Mejia,Twins,13188,606167
Felipe Vazquez,Pirates,12076,553878
Dan Winkler,Braves,12237,595465
Wes Parsons,Braves,14764,641149
Heath Hembree,Red Sox,11632,592390
Tommy Hunter,- - -,1157,488984
Hector Neris,Phillies,11804,593576
Kris Medlen,Diamondbacks,9417,450665
Matt Andriese,- - -,12022,542882
Troy Scribner,- - -,15570,644428
Yoshihisa Hirano,Diamondbacks,19756,673633
Justin Wilson,- - -,4301,458677
Brandon Morrow,- - -,9346,453344
Duane Underwood Jr.,Cubs,14677,621249
James Norwood,Cubs,16440,656803
David Hernandez,- - -,4259,456696
Shawn Kelley,- - -,7773,518875
Austin Voth,Nationals,15047,608723
Josh Tomlin,Indians,9388,458708
Jean Machi,Mariners,3220,466948
Edwin Diaz,Mariners,14710,621242
Mike Fiers,- - -,7754,571666
Tony Sipp,Astros,8280,448609
Chris Devenski,Astros,12763,606965
James Hoyt,Astros,14605,624586
Tyler Skaggs,Angels,10190,572140
Chris Smith,Athletics,4544,434672
Kendall Graveman,Athletics,15514,608665
Jeurys Familia,- - -,5114,544727
Adam Wilk,- - -,8421,573244
Chasen Bradford,- - -,12452,607473
Ryan Tepera,Blue Jays,10291,572193
Gabriel Ynoa,Orioles,12938,593679
Alec Asher,- - -,13560,594742
Kevin Quackenbush,- - -,12360,534812
Kyle Lloyd,Padres,15378,643414
Dillon Overton,- - -,15627,592614
Matt Grace,Nationals,11449,594840
Steven Okert,Giants,13580,595345
Junichi Tazawa,Marlins,4079,547749
David Phelps,- - -,6316,475479
Javy Guerra,Marlins,7407,457915
Kyle Barraclough,Marlins,13713,607457
Brian Ellington,Marlins,17233,623395
Brett Cecil,Cardinals,2660,446399
Miguel Socolovich,- - -,6697,462515
Juan Nicasio,- - -,7731,504379
Drew Pomeranz,Red Sox,11426,519141
Hector Velazquez,Red Sox,19341,584171
Tony Watson,- - -,3132,453265
Johnny Barbato,- - -,11440,592127
Angel Sanchez,Pirates,11776,605795
Ian Krol,- - -,10066,571871
Edubray Ramos,Phillies,16086,591693
Ricardo Pinto,Phillies,16318,620982
Carl Edwards Jr.,Cubs,13607,605218
Jen-Ho Tseng,Cubs,15524,627500
Blake Wood,- - -,1345,502028
Drew Storen,Reds,6983,519322
Barrett Astin,Reds,14812,592120
Rob Scahill,Brewers,9286,543746
Tom Wilhelmsen,Diamondbacks,9975,452666
Michael Soroka,Braves,18383,647336
A.J. Griffin,Rangers,11132,456167
Corey Kluber,Indians,2429,446372
Caleb Smith,- - -,14875,592761
Taylor Featherston,Rays,12590,605227
Felix Hernandez,Mariners,4772,433587
Eric Lauer,Padres,19316,641778
Chris Beck,- - -,13418,571476
Tim Peterson,Mets,13946,623402
Kazuhisa Makita,Padres,19757,628318
Wilmer Font,- - -,5257,521655
Daniel Hudson,- - -,7146,543339
Roberto Gomez,Giants,12963,596816
Tyler Beede,Giants,16981,595881
Chad Huffman,Cardinals,5311,502151
Sonny Gray,- - -,12768,543243
Jonathan Loaisiga,Yankees,19753,642528
Yefry Ramirez,Orioles,15655,606162
Brett Graves,Marlins,16218,605255
Sandy Alcantara,- - -,18684,645261
Francisco Liriano,- - -,3201,434538
Adam Plutko,Indians,15846,592644
Casey Sadler,Pirates,11209,594987
Richard Rodriguez,- - -,13549,593144
Alex McRae,Pirates,16317,656725
Charlie Morton,Astros,4676,450203
Touki Toussaint,Braves,16929,657053
Bryse Wilson,Braves,19990,669060
Dylan Covey,White Sox,14825,592229
Drew Anderson,Phillies,15130,623454
Michael Feliz,- - -,11903,593140
Justin Hancock,Cubs,12316,606995
Keury Mella,Reds,15964,622492
Hansel Robles,- - -,11801,570663
Emilio Pagan,- - -,14771,641941
Collin McHugh,Astros,7531,543521
Matt Shoemaker,Angels,4776,533167
Neil Ramirez,- - -,7677,519166
Sergio Romo,- - -,9817,489265
Andrew Miller,Indians,6785,453192
Matt Bowman,Cardinals,13528,621199
Jharel Cotton,Athletics,13654,605194
Mike Marjama,Mariners,12594,605357
Yacksel Rios,Phillies,15007,605441
Jacob Turner,- - -,10185,545363
Pedro Strop,Cubs,4070,467008
Jose Bautista,- - -,1887,430832
Nick Tepesch,- - -,11716,519344
Jayson Aquino,Orioles,13150,593969
Jimmy Yacabonis,Orioles,15157,642231
Josh Ravin,- - -,2951,502051
Albert Suarez,Giants,6175,544150
Cory Gearrin,- - -,7947,518715
George Kontos,- - -,9486,502004
John Bormann,Pirates,18006,657524
Nik Turley,Twins,5530,543867
Darnell Sweeney,Blue Jays,13284,572182
Tony Sanchez,Braves,6178,506997
Kyle Kendrick,Red Sox,6230,452718
Doug Fister,- - -,9425,450729
Josh Lindblom,Pirates,7882,458676
Quintin Berry,Brewers,9414,450641
Hoby Milner,- - -,13346,571948
Jesen Therrien,Phillies,15853,592279
Ariel Hernandez,Reds,15603,554374
Jose  Miguel Fernandez,Angels,19254,628336
Aristides Aquino,Reds,15482,606157
Jeremy Jeffress,- - -,9490,502026
Michael Blazek,Brewers,9654,518468
Austin Gomber,Cardinals,16561,596295
Andre Ethier,Dodgers,6265,444843
Geovany Soto,White Sox,3707,434567
Jose Berrios,Twins,14168,621244
Ryan Yarbrough,Rays,16502,642232
Tyler Cloyd,- - -,8536,543031
Fernando Romero,Twins,15885,622864
Derek Fisher,Astros,16192,605233
Austin Davis,Phillies,17117,656354
Andrew Cashner,- - -,8782,488768
Wei-Yin Chen,Marlins,13071,612672
Wandy Peralta,Reds,14295,593974
Wander Suero,Nationals,15855,593833
John Brebbia,Cardinals,12777,605154
JC Ramirez,Angels,8302,500724
Dalton Pompey,Blue Jays,12797,592647
Brad Hand,- - -,9111,543272
Luis Avilan,- - -,2882,501593
Dellin Betances,Yankees,6216,476454
Chasen Shreve,- - -,10855,592741
Steven Baron,Cardinals,9787,571467
Casey Lawrence,- - -,11121,596271
Matt Moore,- - -,1890,519043
Brandon Guyer,Indians,2636,446386
Jake Odorizzi,- - -,6397,543606
Josh Smoker,- - -,10285,519294
Mat Latos,Blue Jays,3815,502009
Joe Biagini,Blue Jays,13194,607352
Zach Lee,Padres,11468,545346
Sam Freeman,Braves,6832,518693
Miguel Gonzalez,- - -,7024,456068
Mason Williams,- - -,11859,592863
Walker Buehler,Dodgers,19374,621111
Austin Bibens-Dirkx,Rangers,9559,502212
Taylor Davis,Cubs,12782,543089
Justin Grimm,- - -,11720,518748
Bronson Arroyo,Reds,978,276520
Yency Almonte,Rockies,15068,622075
Preston Tucker,- - -,13633,605512
Harrison Musgrave,Rockies,16532,643466
Raudy Read,Nationals,15766,600466
Luis Severino,Yankees,15890,622663
Brian Duensing,Cubs,4064,488846
Hector Santiago,- - -,4026,502327
Zach Eflin,Phillies,13774,621107
Adam Cimber,- - -,15288,643256
Jacob Nix,Padres,17775,656798
Brett Kennedy,Padres,17877,664028
Marco Hernandez,Red Sox,13154,593523
Drew Rucinski,- - -,12499,607968
Matt Holliday,Yankees,1873,407812
Shane Robinson,- - -,4249,453203
Justin Williams,Rays,15490,642211
Deven Marrero,- - -,13325,571918
Jack Flaherty,Cardinals,17479,656427
Javier Guerra,Padres,17292,642770
Dustin Peterson,Braves,15189,640460
Marco Estrada,Blue Jays,1118,462136
Miguel Diaz,Padres,18815,622766
Adam Moore,Rays,9362,446192
Nick Wittgren,Marlins,15594,621295
Mike Ohlman,Blue Jays,10347,572000
Victor Caratini,Cubs,14968,605170
Jaime Barria,Angels,18356,642545
Frankie Montas,Athletics,14309,593423
Rocky Gale,Padres,10533,502570
Daniel Palka,White Sox,14897,594953
Casey Kelly,Giants,9174,543391
Kevin Kaczmarski,Mets,18146,664842
Felix Pena,- - -,13403,570240
Clay Holmes,Pirates,13649,605280
Dallas Keuchel,Astros,9434,572971
Lance McCullers Jr.,Astros,14120,621121
Jarlin Garcia,Marlins,18282,606424
Shane Carle,- - -,15258,641438
Paul Blackburn,Athletics,14739,621112
Ranger Suarez,Phillies,17277,624133
Enyel De Los Santos,Phillies,18403,660853
Luke Farrell,- - -,15101,608652
Scott Kingery,Phillies,17975,664068
Jakob Junis,Royals,13619,596001
Alex Cobb,- - -,6562,502171
Eddie Butler,- - -,13453,572750
Tyler Pill,Mets,12751,543652
Jose Trevino,Rangers,16725,624431
Adrian Sanchez,Nationals,11338,506703
Will Middlebrooks,Rangers,7002,519025
Austin Brice,Reds,17237,592169
Max Fried,Braves,13743,608331
Richard Urena,Blue Jays,16411,620446
Lucas Giolito,White Sox,15474,608337
Ryan Raburn,Nationals,2218,430605
Kyle Farmer,Dodgers,14813,571657
Cesar Puello,- - -,7216,527049
Ian Parmley,Blue Jays,13821,622210
Ariel Miranda,Mariners,17526,664641
Odrisamer Despaigne,- - -,16017,628333
Trevor Bauer,Indians,12703,545333
Andrew Suarez,Giants,18300,605498
Steve Cishek,- - -,6483,518553
Cody Reed,Reds,15232,642003
T.J. McFarland,Diamondbacks,3237,519008
Patrick Kivlehan,Reds,13910,623182
Jarred Cosart,Padres,10304,543054
Aaron Wilkerson,Brewers,16904,658792
Matt Strahm,- - -,13799,621381
Henderson Alvarez,Phillies,5669,506693
Anthony Recker,Braves,4063,489232
Jeff Locke,Marlins,2929,502046
Ildemaro Vargas,Diamondbacks,13324,545121
Anthony Banda,- - -,14706,607455
Dan Butler,Red Sox,9968,576788
Jesse Chavez,- - -,5448,445926
John Ryan Murphy,Diamondbacks,10346,571974
Mike Clevinger,Indians,12808,605182
O'Koyea Dickson,Dodgers,12677,607297
Christian Bethancourt,Padres,10028,542194
Dillon Peters,Marlins,18790,596071
Micah Johnson,Braves,13809,608672
Trevor Richards,Marlins,19309,670950
Alex Blandino,Reds,16271,607468
Dustin McGowan,Marlins,8600,430661
Daniel Poncedeleon,Cardinals,16110,594965
Paul Sewald,Mets,13892,623149
Steve Selsky,Red Sox,12957,592731
Anthony Alford,Blue Jays,14329,546990
Brett Eibner,Dodgers,11369,518649
Alberto Rosario,Cardinals,7125,451705
JaCoby Jones,Tigers,14818,592444
Raimel Tapia,Rockies,14350,606132
Martin Perez,Rangers,6902,527048
Jack Reinheimer,- - -,14938,595373
Grant Green,Nationals,10053,502205
Scott Alexander,- - -,10591,518397
Masahiro Tanaka,Yankees,15764,547888
Willie Calhoun,Rangers,17838,641432
Braden Shipley,Diamondbacks,15158,640463
Rio Ruiz,Braves,14103,547004
Asher Wojciechowski,Reds,10836,592879
Alfredo Gonzalez,White Sox,14267,554054
Nate Orf,Brewers,15407,644337
Rob Segedin,Dodgers,11446,574847
Dylan Floro,- - -,13394,571670
Willians Astudillo,Twins,15608,553902
Tim Federowicz,- - -,8609,543148
Erick Fedde,Nationals,17425,607200
Ryan LaMarre,- - -,10700,534606
Eduardo Rodriguez,Red Sox,13164,593958
Chris O'Grady,Marlins,13818,622217
Brandon McCarthy,- - -,4662,435221
R.A. Dickey,Braves,1245,285079
John Gant,Cardinals,13684,607231
Chris Stratton,Giants,13761,608717
Corban Joseph,Orioles,5503,543377
Dylan Cozens,Phillies,15115,622226
Randall Delgado,Diamondbacks,5985,517414
Zack Granite,Twins,15343,643335
Elieser Hernandez,Marlins,16933,622694
Engelb Vielma,Orioles,15481,622713
Jered Weaver,Padres,4235,450308
Ramon Flores,Angels,11165,570717
Billy Burns,Royals,12701,542993
Steven Matz,Mets,13361,571927
Miguel Gomez,Giants,17075,622497
Tim Adleman,Reds,10968,534947
Drew Robinson,Rangers,11761,592685
Yu Darvish,- - -,13074,506433
Pedro Alvarez,Orioles,2495,476883
Michael Fulmer,Tigers,13218,605242
Chad Kuhl,Pirates,14975,641771
Matt Wisler,Braves,12804,605538
Kevin Newman,Pirates,17696,621028
Edwin Jackson,- - -,1841,429719
Jared Hoying,Rangers,10882,592419
Jason Hammel,Royals,4538,434628
Dereck Rodriguez,Giants,14509,605446
Jeremy Hellickson,- - -,4371,476451
Ryon Healy,- - -,15447,592387
Luiz Gohara,Braves,15166,627894
Rosell Herrera,- - -,11611,594011
Luke Sims,Braves,13470,608371
Hanser Alberto,Rangers,11902,593643
Brandon Finnegan,Reds,16208,605232
David Freitas,- - -,10619,571679
David Washington,Orioles,12110,572241
Tyler Collins,Tigers,12723,607385
Justin Nicolino,Marlins,11754,592593
Corey Oswalt,Mets,13677,621261
Cam Gallagher,Royals,12981,595956
Derek Holland,- - -,4141,502706
Jett Bandy,Brewers,12508,542908
Hector Sanchez,Padres,10289,516949
Sam Travis,Red Sox,16263,607752
Franklin Gutierrez,Dodgers,3255,429711
Terrance Gore,Royals,13658,605253
Francisco Mejia,Indians,16403,642336
Chad Bettis,Rockies,10587,518452
Rafael Montero,Mets,12760,606160
Steve Lombardozzi,Marlins,5422,543459
Chase d'Arnaud,- - -,6652,488818
Erick Aybar,Padres,4082,430947
Johnny Giavotella,Orioles,6740,543213
Gordon Beckham,Mariners,9015,493596
Rich Hill,Dodgers,4806,448179
Greg Bird,Yankees,14131,595885
Socrates Brito,Diamondbacks,12944,593647
Carlos Perez,- - -,10642,542208
Kristopher Negron,Diamondbacks,5306,502117
Tom Koehler,- - -,6570,543408
Matt Garza,Brewers,3340,490063
Ryan Hanigan,Rockies,4952,452672
Danny Santana,- - -,10322,542454
Nolan Fontana,Angels,13267,545337
Amir Garrett,Reds,14375,607237
Kirk Nieuwenhuis,Brewers,6400,543590
Braxton Lee,Marlins,16839,657658
Jose Adolis Garcia,Cardinals,19287,666969
Freddy Peralta,Brewers,18679,642547
Tyler Moore,Marlins,7244,489138
Luis Castillo,Reds,15689,622491
Mark Leiter,Phillies,15551,643410
Willy Garcia,White Sox,12956,591994
Robert Stephenson,Reds,13594,596112
Jaff Decker,Athletics,7945,543094
Jameson Taillon,Pirates,11674,592791
Dinelson Lamet,Padres,17186,659275
Nick Franklin,- - -,10166,545338
Michael Morse,Giants,3035,434604
Jae-Gyun Hwang,Giants,19369,666561
Jeff Samardzija,Giants,3254,502188
Kenta Maeda,Dodgers,18498,628317
A.J. Reed,Astros,16246,607223
A.J. Jimenez,Rangers,7077,543362
Francisco Pena,- - -,8298,506747
Rey Fuentes,Diamondbacks,10329,571681
Antonio Senzatela,Rockies,15488,622608
Blake Swihart,Red Sox,13176,596119
Brett Nicholas,Rangers,11192,592592
Christian Colon,- - -,11145,518568
Johnny Field,- - -,15048,608654
Kyle Freeland,Rockies,16256,607536
Dan Vogelbach,Mariners,14130,596129
Drew Butera,Royals,3411,460077
Luis Guillorme,Mets,16451,641645
Jimmy Nelson,Brewers,10547,519076
Tony Cruz,Reds,2802,488810
Chris Herrmann,- - -,9284,543302
Mike Aviles,Marlins,5986,449107
Danny Ortiz,Pirates,10317,543611
Jeff Hoffman,Rockies,17432,656546
Roberto Perez,Indians,2900,547379
Carlos Moncrief,Giants,7511,519037
Juan Centeno,- - -,7168,518542
Ross Stripling,Dodgers,13273,548389
Jayson Werth,Nationals,1327,150029
Clay Buchholz,- - -,3543,453329
Tomas Nido,Mets,13755,621512
Lance Lynn,- - -,2520,458681
Mitch Walding,Phillies,13006,605520
Chase Anderson,Brewers,6895,502624
Andrew Stevenson,Nationals,17932,664057
Jacob Hannemann,Mariners,15644,595238
Juan Graterol,Angels,5398,492802
Jeff Mathis,Diamondbacks,3448,425772
Cristhian Adames,Rockies,6013,542436
Bartolo Colon,- - -,375,112526
Anibal Sanchez,- - -,3284,434671
Brandon Dixon,Reds,15214,641525
Brock Stassi,Phillies,12244,595426
Ruben Tejada,Orioles,5519,514913
Nick Pivetta,Phillies,15454,601713
Stephen Cardullo,Rockies,11204,506924
Greg Allen,Indians,16623,656185
Daniel Robertson,Indians,6266,543706
Michael Martinez,- - -,7358,492841
Yadiel Rivera,- - -,11863,592680
Kyle Higashioka,Yankees,5517,543309
Scott Van Slyke,Dodgers,4365,475100
Anthony Santander,Orioles,14551,623993
Jordan Luplow,Pirates,16424,656669
Gift Ngoepe,- - -,10340,547912
Bryan Holaday,- - -,11287,592407
Ramon Torres,Royals,14113,593527
Christian Arroyo,- - -,16434,624414
Tony Wolters,Rockies,11470,547172
Adam Rosales,- - -,9682,489267
Michael Hermosillo,Angels,16285,641684
Drew Stubbs,Giants,9328,453211
Brandon Lowe,Rays,18882,664040
Adonis Garcia,Braves,13777,611177
Eric Fryer,Cardinals,8145,518700
Gavin Cecchini,Mets,17005,608325
Jesmuel Valentin,Phillies,14548,621044
Aaron Nola,Phillies,16149,605400
Matt Harvey,- - -,11713,518774
Jaycob Brugman,Athletics,14936,595144
Johnny Cueto,Giants,6893,456501
Josh Rutledge,Red Sox,11167,592710
Tyler Anderson,Rockies,12880,542881
Alejandro De Aza,Nationals,3371,457477
Scott Feldman,Reds,6283,444857
Jake Smolinski,Athletics,5408,519295
Travis Taijeron,Mets,11935,607369
Matt Reynolds,- - -,13788,608703
Andres Blanco,Phillies,1907,433217
Rafael Bautista,Nationals,15769,622441
Chad Wallach,- - -,17161,595453
Sal Romano,Reds,13690,607219
Ty Kelly,- - -,7740,571841
Clint Frazier,Yankees,15983,640449
Sean Newcomb,Braves,16943,656794
Carlos Tocci,Rangers,14558,624636
J.D. Davis,Astros,16219,605204
Alex Mejia,Cardinals,13877,622270
Conor Gillaspie,Giants,9009,543216
Gio Gonzalez,Nationals,7448,461829
Kyle Tucker,Astros,18345,663656
Junior Guerra,Brewers,5702,448855
Ryan Flaherty,- - -,7888,475247
Justin Ruggiano,Giants,7620,448605
Brandon Moss,Royals,4467,461235
Andrew Romine,- - -,1159,461865
Breyvic Valera,- - -,12758,591971
Dustin Fowler,- - -,17098,641583
Guillermo Heredia,Mariners,18721,628338
Brock Holt,Red Sox,9345,571788
Dixon Machado,Tigers,11472,553988
Sean Rodriguez,- - -,6589,446481
Stephen Vogt,- - -,5000,519390
Jon Gray,Rockies,14916,592351
Jose Urena,Marlins,11589,570632
Chris Owings,Diamondbacks,10030,572008
Kyle Hendricks,Cubs,12049,543294
Jhonny Peralta,Cardinals,1738,425509
Mike Gerber,Tigers,16115,595222
Trevor Williams,Pirates,16977,592866
Ryan Goins,- - -,9807,572365
Jose Quintana,- - -,11423,500779
Mike Napoli,Rangers,3057,435063
Chris Coghlan,Blue Jays,6878,458085
Andrew Susac,- - -,13132,572180
Ichiro Suzuki,- - -,1101,400085
Matt den Dekker,- - -,11385,544925
Daniel Castro,Rockies,15450,593495
Tomas Telis,Marlins,10067,542513
Zack Godley,Diamondbacks,14862,643327
Michael Wacha,Cardinals,14078,608379
Chris Marrero,Giants,2852,502029
Alcides Escobar,Royals,6310,444876
Bobby Wilson,Twins,6564,435064
Jabari Blash,- - -,11247,518466
Aaron Hill,Giants,6104,431094
Hanley Ramirez,Red Sox,8001,434670
Paul Janish,Orioles,7412,457926
Chris Heisey,Nationals,3978,502317
Jarrod Saltalamacchia,Blue Jays,5557,457454
Pat Valaika,Rockies,14885,642162
Tuffy Gosewisch,Mariners,5277,488912
Darwin Barney,Blue Jays,2430,446381
Charlie Tilson,White Sox,12983,605508
Chris Young,- - -,3882,455759
Mike Freeman,- - -,11241,502273
Miguel Montero,- - -,3364,471083
Luis Sardinas,- - -,13153,596143
Emilio Bonifacio,Braves,4054,466988
Pablo Sandoval,- - -,5409,467055
Alex Wood,Dodgers,13781,622072
Moises Sierra,Nationals,6050,501213
Chris Carter,Yankees,9911,474892
Martin Prado,Marlins,3312,445988
Pete Kozma,- - -,2539,518902
Giovanny Urshela,- - -,10681,570482
Arismendy Alcantara,Reds,10711,570489
Tom Murphy,Rockies,13499,608596
Mike Foltynewicz,Braves,10811,592314
Jacob May,White Sox,14876,594576
Abraham Almonte,- - -,5486,501659
Chris Stewart,- - -,3878,455755
Austin Hays,Orioles,19363,669720
Cam Perkins,Phillies,13444,573088
J.J. Hardy,Orioles,3797,429666
J.B. Shuck,Marlins,6677,543776
Ronny Rodriguez,Tigers,11875,500135
Orlando Calixte,Giants,11905,593525
Noel Cuevas,Rockies,11894,571595
Phil Gosselin,- - -,10953,594838
Adam Engel,White Sox,15082,641553
Tyler Saladino,- - -,10807,573135
Stuart Turner,Reds,15207,642156
Danny Valencia,- - -,6364,502143
Mike Tauchman,Rockies,15274,643565
Carson Kelly,Cardinals,13620,608348
Michael Saunders,- - -,9981,459431
Luis Torrens,Padres,15905,620443
Ryder Jones,Giants,15982,624507
Jefry Marte,Angels,5107,527043
Taylor Motter,- - -,12399,600301
Tyler Wade,Yankees,15730,642180
Cody Asche,White Sox,11997,605125
Jose Lobaton,- - -,4243,446653
Magneuris Sierra,- - -,17023,642423
Ryan Rua,Rangers,12409,607387
Cheslor Cuthbert,Royals,10473,596144
Mark Trumbo,Orioles,6876,444432
Pedro Severino,Nationals,14523,600474
Hunter Dozier,Royals,15117,641531
Danny Espinosa,- - -,9219,457787
Lewis Brinson,- - -,14352,621446
Allen Cordoba,Padres,15722,642707
Tommy Joseph,Phillies,10349,571830
Jace Peterson,- - -,12325,607054
Hyun Soo Kim,- - -,18718,547957
Ivan Nova,Pirates,1994,467100
Carlos Beltran,Astros,589,136860
Trevor Plouffe,- - -,7462,461858
Jose Osuna,Pirates,12937,591741
Victor Reyes,Tigers,15487,622682
Alexi Amarista,Rockies,9063,506560
Dominic Smith,Mets,15653,642086
Ian Desmond,Rockies,6885,435622
Rob Refsnyder,- - -,13770,608701
Paulo Orlando,Royals,8628,449181
Adrian Gonzalez,- - -,1908,408236
Trayce Thompson,- - -,9952,572204
Albert Pujols,Angels,1177,405395
Chris Davis,Orioles,9272,448801
Victor Martinez,Tigers,393,400121
