Name,Team,playerid
Jacob deGrom,Mets,10954
Chris Sale,Red Sox,10603
Corey Kluber,Indians,2429
Max Scherzer,Nationals,3137
Justin Verlander,Astros,8700
Patrick Corbin,Diamondbacks,9323
Gerrit Cole,Astros,13125
Trevor Bauer,Indians,12703
Luis Severino,Yankees,15890
Stephen Strasburg,Nationals,10131
Aaron Nola,Phillies,16149
Carlos Carrasco,Indians,6632
Zack Greinke,Diamondbacks,1943
Jimmy Nelson,Brewers,10547
Clayton Kershaw,Dodgers,2036
Blake Snell,Rays,13543
James Paxton,Mariners,11828
Chris Archer,Rays,6345
German Marquez,Rockies,15038
Mike Clevinger,Indians,12808
Miles Mikolas,Cardinals,9803
Kyle Freeland,Rockies,16256
Noah Syndergaard,Mets,11762
Zack Wheeler,Mets,10310
Mike Foltynewicz,Braves,10811
Jose Quintana,- - -,11423
Jeff Samardzija,Giants,3254
Jameson Taillon,Pirates,11674
Yu Darvish,- - -,13074
Dallas Keuchel,Astros,9434
Kenley Jansen,Dodgers,3096
Blake Treinen,Athletics,12572
Marco Gonzales,Mariners,15467
Zack Godley,Diamondbacks,14862
Edwin Diaz,Mariners,14710
Michael Fulmer,Tigers,13218
Alex Wood,Dodgers,13781
Danny Duffy,Royals,3542
Gio Gonzalez,Nationals,7448
Brad Peacock,Astros,5401
Marcus Stroman,Blue Jays,13431
Carlos Martinez,Cardinals,11682
Craig Kimbrel,Red Sox,6655
Jose Berrios,Twins,14168
Walker Buehler,Dodgers,19374
Michael Wacha,Cardinals,14078
Charlie Morton,Astros,4676
Robbie Ray,Diamondbacks,11486
Kyle Hendricks,Cubs,12049
Drew Pomeranz,Red Sox,11426
J.A. Happ,- - -,7410
Jon Gray,Rockies,14916
Chase Anderson,Brewers,6895
Mike Leake,- - -,10130
Lance McCullers Jr.,Astros,14120
Roberto Osuna,Blue Jays,13764
Ervin Santana,Twins,3200
Lance Lynn,- - -,2520
Sonny Gray,- - -,12768
Kyle Gibson,Twins,10123
Andrew Heaney,Angels,15423
Masahiro Tanaka,Yankees,15764
Nick Pivetta,Phillies,15454
Jordan Montgomery,Yankees,16511
Shane Bieber,Indians,19427
Rick Porcello,Red Sox,2717
Corey Knebel,Brewers,15010
Josh Hader,Brewers,14212
Zach Davies,Brewers,13183
David Price,Red Sox,3184
Dylan Bundy,Orioles,12917
Jon Lester,Cubs,4930
Vince Velasquez,Phillies,11189
Rich Hill,Dodgers,4806
Jhoulys Chacin,Brewers,2608
Kenta Maeda,Dodgers,18498
Jake Odorizzi,Twins,6397
Trevor Williams,Pirates,16977
Marco Estrada,Blue Jays,1118
Pat Neshek,- - -,4682
Taijuan Walker,Diamondbacks,11836
Tanner Roark,Nationals,8753
Kevin Gausman,Orioles,14107
Jose Leclerc,Rangers,14524
CC Sabathia,Yankees,404
Brad Keller,Royals,15734
Chad Green,Yankees,15552
Anibal Sanchez,Braves,3284
Jake Arrieta,Cubs,4153
Tyler Skaggs,Angels,10190
Brandon McCarthy,Dodgers,4662
Clayton Richard,Padres,3551
Andrew Miller,Indians,6785
Jack Flaherty,Cardinals,17479
Eduardo Rodriguez,Red Sox,13164
Alex Cobb,Rays,6562
Ross Stripling,Dodgers,13273
Craig Stammen,Padres,7274
Nathan Eovaldi,- - -,9132
Sean Manaea,Athletics,15873
Danny Salazar,Indians,5867
Yusmeiro Petit,Angels,4020
Zach Eflin,Phillies,13774
Josh Tomlin,Indians,9388
Mike Minor,Rangers,10021
Anthony Swarzak,- - -,7466
Jason Hammel,Royals,4538
Felipe Vazquez,Pirates,12076
Joe Musgrove,Pirates,12970
Tommy Kahnle,- - -,11384
Archie Bradley,Diamondbacks,12918
Jaime Garcia,- - -,8137
Martin Perez,Rangers,6902
Derek Holland,Giants,4141
Hyun-Jin Ryu,Dodgers,14444
Matthew Boyd,Tigers,15440
Andrew Cashner,Rangers,8782
Dan Straily,Marlins,9460
Adam Ottavino,Rockies,1247
Jose Alvarado,Rays,17780
Reynaldo Lopez,White Sox,16400
Ivan Nova,Pirates,1994
Cole Hamels,- - -,4972
Trevor Cahill,Athletics,6249
Will Smith,Giants,8048
Tyler Anderson,Rockies,12880
Ryan Madson,- - -,1852
Chad Kuhl,Pirates,14975
Clay Buchholz,Diamondbacks,3543
Aroldis Chapman,Yankees,10233
Sean Newcomb,Braves,16943
Luis Castillo,Reds,15689
Taylor Rogers,Twins,13449
Sean Doolittle,Nationals,1581
Ryan Pressly,- - -,7005
David Robertson,- - -,8241
Joakim Soria,- - -,6941
Ken Giles,Astros,12910
Jeremy Jeffress,Brewers,9490
Dellin Betances,Yankees,6216
Joe Smith,- - -,3281
Jeurys Familia,- - -,5114
Raisel Iglesias,Reds,17130
Jerad Eickhoff,Phillies,12664
Kirby Yates,Padres,9073
Jose Urena,Marlins,11589
Nick Vincent,Mariners,7555
Tony Watson,Giants,3132
Ryan Borucki,Blue Jays,16350
Dereck Rodriguez,Giants,14509
Mychal Givens,Orioles,10430
Brad Hand,Padres,9111
Alex Claudio,Rangers,12890
Luis Perdomo,Padres,14682
Seth Lugo,Mets,12447
Madison Bumgarner,Giants,5524
Wade LeBlanc,Mariners,5221
Junior Guerra,Brewers,5702
Robbie Erlin,Padres,10354
Brandon Morrow,Dodgers,9346
Blake Parker,Angels,5224
Jason Vargas,Royals,8044
Trevor Rosenthal,Cardinals,10745
R.A. Dickey,Braves,1245
Bryan Shaw,Indians,8110
Brent Suter,Brewers,13942
Dominic Leone,Blue Jays,13763
Adam Wainwright,Cardinals,2233
Cody Allen,Indians,12183
Wade Miley,Brewers,8779
Jake McGee,Rockies,7550
Juan Nicasio,- - -,7731
Matt Harvey,- - -,11713
A.J. Minter,Braves,18655
Collin McHugh,Astros,7531
Antonio Senzatela,Rockies,15488
Doug Fister,Red Sox,9425
Mike Montgomery,Cubs,4869
Luke Weaver,Cardinals,16918
Chris Devenski,Astros,12763
Trevor Richards,Marlins,19309
Joe Jimenez,Tigers,15761
Fernando Rodney,Diamondbacks,494
Joe Biagini,Blue Jays,13194
Mike Fiers,- - -,7754
Dinelson Lamet,Padres,17186
Felix Pena,Angels,13403
Hector Rondon,Astros,2391
Matt Barnes,Red Sox,12863
Miguel Gonzalez,- - -,7024
Sal Romano,Reds,13690
Seranthony Dominguez,Phillies,19249
Scott Oberg,Rockies,13911
Jonathan Holder,Yankees,16588
Jakob Junis,Royals,13619
Keone Kela,- - -,14696
Jake Faria,Rays,13699
Jaime Barria,Angels,18356
Jesse Hahn,Athletics,13287
Richard Rodriguez,Pirates,13549
Freddy Peralta,Brewers,18679
Blaine Hardy,Tigers,6499
Daniel Norris,Tigers,13475
Jace Fry,White Sox,16159
Caleb Smith,Marlins,14875
Adam Warren,Yankees,9029
Ty Blach,Giants,14361
Randall Delgado,Diamondbacks,5985
Jose Alvarez,Angels,5358
Alex Colome,Rays,6661
Johnny Cueto,Giants,6893
Jesse Chavez,- - -,5448
Rafael Montero,Mets,12760
Will Harris,Astros,3192
Dan Winkler,Braves,12237
Jeremy Hellickson,Nationals,4371
Seung Hwan Oh,- - -,18719
Edubray Ramos,Phillies,16086
Wei-Yin Chen,Marlins,13071
Luis Garcia,Phillies,6984
Jared Hughes,Reds,9325
Tommy Hunter,Rays,1157
John Gant,Cardinals,13684
Ryne Stanek,Rays,15947
Kendall Graveman,Athletics,15514
Scott Alexander,Royals,10591
Yonny Chirinos,Rays,16401
Joey Lucchesi,Padres,19320
Brad Brach,Orioles,6627
JC Ramirez,Angels,8302
Dylan Covey,White Sox,14825
Chris Rusin,Rockies,9895
Brett Cecil,Cardinals,2660
Michael Pineda,Yankees,5372
David Hernandez,- - -,4259
Carl Edwards Jr.,Cubs,13607
Tyler Chatwood,Rockies,4338
Wade Davis,Cubs,7441
Adalberto Mejia,Twins,13188
Julio Teheran,Braves,6797
Parker Bridwell,Angels,11502
Greg Holland,Rockies,7196
Jeff Hoffman,Rockies,17432
Erasmo Ramirez,- - -,10314
Justin Wilson,- - -,4301
Oliver Perez,Indians,1514
Andrew Chafin,Diamondbacks,12988
Shohei Ohtani,Angels,19755
Tyler Lyons,Cardinals,11334
Diego Castillo,Rays,17496
Tyson Ross,- - -,7872
Jordan Zimmermann,Tigers,4505
Reyes Moronta,Giants,14966
Garrett Richards,Angels,9784
Hector Neris,Phillies,11804
Dylan Floro,- - -,13394
Ryan Tepera,Blue Jays,10291
Alex Meyer,Angels,12833
Brandon Kintzler,- - -,9939
Luiz Gohara,Braves,15166
Andrew Suarez,Giants,18300
Liam Hendriks,Athletics,3548
Edinson Volquez,Marlins,3990
Ian Kennedy,Royals,6986
Matt Moore,Giants,1890
Pedro Strop,Cubs,4070
Kyle Crick,Pirates,13182
Roenis Elias,Mariners,12673
Addison Reed,- - -,10586
Zach Duke,- - -,3840
Jerry Blevins,Mets,7841
Domingo German,Yankees,17149
Tony Sipp,Astros,8280
Frankie Montas,Athletics,14309
Jose Castillo,Padres,17169
Brett Anderson,Athletics,8223
Matt Strahm,Padres,13799
Matt Garza,Brewers,3340
Matt Albers,Nationals,4300
Sam Gaviglio,Blue Jays,12778
Luis Avilan,- - -,2882
James Shields,White Sox,7059
Eric Lauer,Padres,19316
Emilio Pagan,Mariners,14771
Pedro Baez,Dodgers,5420
Adam Kolarek,Rays,10843
Darren O'Day,Orioles,3321
Steve Cishek,Cubs,6483
Austin Gomber,Cardinals,16561
Trevor Hildenberger,Twins,17002
Richard Bleier,Orioles,7803
Ricky Nolasco,Angels,3830
Francisco Liriano,- - -,3201
Victor Arano,Phillies,15915
Hunter Strickland,Giants,7836
Ty Buttrey,Angels,14719
Steven Matz,Mets,13361
Adam Cimber,- - -,15288
Ryan Yarbrough,Rays,16502
Ben Lively,Phillies,14932
Brian Duensing,Cubs,4064
Fernando Romero,Twins,15885
Joe Kelly,Red Sox,9761
Edwin Jackson,Athletics,1841
Matt Bowman,Cardinals,13528
Tyler Glasnow,- - -,14374
Tyler Duffey,Twins,13758
Aaron Bummer,White Sox,16258
Arodys Vizcaino,Braves,5498
Sam Freeman,Braves,6832
Nick Goody,Indians,13685
Ryan Brasier,Red Sox,5615
Juan Minaya,White Sox,10341
Scott Feldman,Reds,6283
Aaron Sanchez,Blue Jays,11490
Homer Bailey,Reds,8362
Carlos Rodon,White Sox,16137
Blake Wood,- - -,1345
Odrisamer Despaigne,Marlins,16017
Brandon Maurer,- - -,4878
Paul Fry,Orioles,15832
Cam Bedrosian,Angels,13360
Bud Norris,Angels,9492
Chase Whitley,Rays,10982
John Brebbia,Cardinals,12777
Daniel Poncedeleon,Cardinals,16110
Robert Stock,Padres,6576
Jacob Barnes,Brewers,12323
Matt Belisle,Twins,1837
Robert Gsellman,Mets,13696
Matt Bush,Rangers,1246
Michael Soroka,Braves,18383
Lou Trivino,Athletics,15043
Shane Greene,Tigers,10756
Kyle Barraclough,Marlins,13713
Andrew Triggs,Athletics,13533
Chris Stratton,Giants,13761
Drew Steckenrider,Marlins,18806
Matt Shoemaker,Angels,4776
Michael Lorenzen,Reds,14843
Tanner Scott,Orioles,17586
Bartolo Colon,- - -,375
Paul Sewald,Mets,13892
Anthony DeSclafani,Reds,13050
Drew VerHagen,Tigers,13424
Edgar Santana,Pirates,17355
Zach Britton,Orioles,3240
Ryan Buchter,Athletics,9456
Koda Glover,Nationals,17695
David Phelps,- - -,6316
Phil Maton,Padres,18064
Paul Blackburn,Athletics,14739
Shane Carle,Braves,15258
Austin Pruitt,Rays,15290
Gregory Infante,White Sox,9119
Daniel Mengden,Athletics,16980
Jordan Lyles,- - -,7593
Eddie Butler,Cubs,13453
Ryan Merritt,Indians,13688
Matt Grace,Nationals,11449
Brandon Woodruff,Brewers,16162
Chris Bassitt,Athletics,12304
Tony Cingrani,Dodgers,12555
Aaron Loup,Blue Jays,10343
Chris Martin,Rangers,11847
Koji Uehara,Cubs,9227
Heath Hembree,Red Sox,11632
James Hoyt,Astros,14605
Xavier Cedeno,- - -,36
Yoshihisa Hirano,Diamondbacks,19756
Oliver Drake,- - -,8823
Tyler Olson,Indians,14741
Jake Diekman,- - -,5003
Tyler Clippard,Blue Jays,5640
Trevor May,Twins,6398
Andrew Albers,Mariners,7853
James Pazos,Mariners,13323
Matt Andriese,Rays,12022
Hector Velazquez,Red Sox,19341
Cody Reed,Reds,15232
Anthony Banda,Diamondbacks,14706
Tony Barnette,Rangers,3555
Sam Dyson,Giants,11710
Brad Ziegler,Marlins,7293
Jordan Hicks,Cardinals,19618
John Lackey,Cubs,1507
Justin Anderson,Angels,16201
Heath Fillmyer,Royals,17466
Tim Hill,Royals,16814
Spencer Turnbull,Tigers,16207
Silvino Bracho,Diamondbacks,15051
George Kontos,- - -,9486
Jonathan Loaisiga,Yankees,19753
Dan Otero,Indians,7385
Shelby Miller,Diamondbacks,10197
Robert Stephenson,Reds,13594
T.J. McFarland,Diamondbacks,3237
Shawn Kelley,- - -,7773
Zach McAllister,Indians,2895
Sergio Romo,Rays,9817
Luis Cessa,Yankees,13345
Mark Melancon,Giants,4264
Wander Suero,Nationals,15855
Gabriel Ynoa,Orioles,12938
Touki Toussaint,Braves,16929
Michael Feliz,Astros,11903
Adam Conley,Marlins,14457
Chad Bettis,Rockies,10587
Hunter Wood,Rays,15091
Pablo Lopez,Marlins,17085
Joe Ross,Nationals,12972
Alex Wilson,Tigers,9239
Taylor Cole,Angels,11964
Alec Mills,Cubs,13834
Max Fried,Braves,13743
Danny Farquhar,- - -,8501
Amir Garrett,Reds,14375
Kohl Stewart,Twins,15502
Nathan Karns,Royals,12638
Joshua James,Astros,16794
Blaine Boyer,Red Sox,2237
Wandy Peralta,Reds,14295
Kelvin Herrera,- - -,6033
Nick Wittgren,Marlins,15594
Brian Johnson,Red Sox,14272
Enny Romero,Nationals,4001
Felix Hernandez,Mariners,4772
Adam Morgan,Phillies,12580
AJ Ramos,- - -,8350
Tim Mayza,Blue Jays,15042
Josh Fields,Dodgers,5070
Fernando Abad,Red Sox,4994
Tony Zych,Mariners,12876
Carlos Estevez,Rockies,14542
Artie Lewicki,Tigers,16731
Peter Moylan,Royals,4891
Jimmie Sherfy,Diamondbacks,15118
Tyler Mahle,Reds,16358
Austin Maddox,Red Sox,14241
Fernando Salas,- - -,4971
Brad Boxberger,Rays,10133
Luke Jackson,Braves,11752
Jonny Venters,- - -,7175
Zach Putnam,White Sox,9080
Boone Logan,Indians,5525
Dillon Gee,- - -,7396
Taylor Williams,Brewers,14899
Buck Farmer,Tigers,14814
Lucas Giolito,White Sox,15474
Jarlin Garcia,Marlins,18282
Caleb Ferguson,Dodgers,19349
Cory Gearrin,Giants,7947
Drew Anderson,Phillies,15130
Erik Goeddel,- - -,11712
Mike Mayers,Cardinals,15451
Francis Martes,Astros,17303
Deck McGuire,Reds,11596
Bruce Rondon,Tigers,5766
Al Alburquerque,- - -,6324
Steven Brault,Pirates,15291
Jeff Locke,Marlins,2929
Steven Wright,Red Sox,8185
Daniel Wright,Angels,15179
Matt Cain,Giants,4732
Jarred Cosart,Padres,10304
Daniel Stumpf,Tigers,13780
Marcus Walden,Red Sox,8004
Drew Smith,Mets,17755
Austin Davis,Phillies,17117
Chris O'Grady,Marlins,13818
Yency Almonte,Rockies,15068
Sam Tuivailala,Cardinals,13485
Jesse Biddle,Braves,11437
John Axford,- - -,9059
Edward Paredes,Dodgers,4168
Josh Lindblom,Pirates,7882
Corbin Burnes,Brewers,19361
Glenn Sparkman,Royals,15200
Anthony Bass,Cubs,7982
Daniel Zamora,Mets,17811
Asher Wojciechowski,Reds,10836
Jeanmar Gomez,White Sox,9033
Tommy Milone,Nationals,7608
Ryan Dull,Athletics,13974
Kyle Crockett,Reds,15033
Chris Hatcher,- - -,3299
Ariel Jurado,Rangers,17030
Scott Barlow,Royals,14993
Bryan Mitchell,Yankees,11479
Yefry Ramirez,Orioles,15655
Dillon Peters,Marlins,18790
Chaz Roe,Rays,9866
Alec Asher,Orioles,13560
Caleb Frare,White Sox,14353
Jorge Lopez,- - -,14527
Chasen Shreve,Yankees,10855
Bobby Poyner,Red Sox,17987
Chasen Bradford,Mets,12452
Erick Fedde,Nationals,17425
Keynan Middleton,Angels,15264
Dan Jennings,Brewers,8073
Rex Brothers,Braves,9794
Sean Reid-Foley,Blue Jays,17034
Roberto Gomez,Giants,12963
Jim Johnson,Braves,3656
Thomas Pannone,Blue Jays,17281
Shawn Armstrong,Mariners,12857
Ben Heller,Yankees,15100
Aaron Wilkerson,Brewers,16904
Giovanny Gallegos,Yankees,14986
J.B. Wendelken,Athletics,14506
Kevin McCarthy,Royals,15240
Miguel Diaz,Padres,18815
Danny Barnes,Blue Jays,11388
Carson Smith,Red Sox,13172
Jeffrey Springs,Rangers,17677
Lucas Sims,Braves,13470
Jamie Callahan,Mets,14711
Nate Jones,White Sox,4696
Sandy Alcantara,Marlins,18684
D.J. Johnson,Rockies,12578
David Paulino,Astros,17418
Trevor Oaks,Royals,16468
Brad Wieck,Padres,16390
James Norwood,Cubs,16440
Julio Urias,Dodgers,14765
Mike Dunn,Rockies,9948
Jumbo Diaz,Rays,3397
Stephen Tarpley,Yankees,15859
Joaquin Benoit,- - -,1437
Drew Rucinski,Marlins,12499
Kyle McGrath,Padres,16793
Alan Busenitz,Twins,15239
Mike Morin,Mariners,13442
Casey Kelly,Giants,9174
Eric Skoglund,Royals,16155
Phil Hughes,Twins,7450
Daniel Coulombe,Athletics,13293
A.J. Schugel,Pirates,11432
Austin Bibens-Dirkx,Rangers,9559
Akeel Morris,Braves,12185
Evan Marshall,Indians,12297
Ricardo Rodriguez,Rangers,15458
Yovani Gallardo,- - -,8173
Dakota Hudson,Cardinals,19206
Bobby Wahl,Athletics,14832
Gabriel Moya,Twins,16348
C.D. Pelham,Rangers,19820
Matt Wisler,- - -,12804
Albert Suarez,Giants,6175
Donnie Hart,Orioles,15306
Vance Worley,Marlins,6435
Brandon Finnegan,Reds,16208
Framber Valdez,Astros,17295
Mark Leiter,Phillies,15551
Colten Brewer,Padres,12997
Noe Ramirez,- - -,12800
Matthew Festa,Mariners,19330
JT Chargois,Dodgers,13767
Daniel Hudson,Pirates,7146
Javy Guerra,Marlins,7407
Steven Okert,Giants,13580
Eduardo Paredes,Angels,16344
A.J. Cole,Nationals,11467
Hoby Milner,Phillies,13346
Chase De Jong,Twins,15036
Adrian Houser,Brewers,12718
Santiago Casilla,Athletics,2873
Ernesto Frieri,Rangers,5178
Ryan Weber,Mariners,10160
Ariel Miranda,Mariners,17526
Miguel Socolovich,Braves,6697
Bryse Wilson,Braves,19990
Kyle Kendrick,Red Sox,6230
Josh Smith,Athletics,10946
Robbie Ross Jr.,Red Sox,6819
Carlos Ramirez,Blue Jays,11743
Rowan Wick,Padres,14646
Dillon Maples,Cubs,14672
Nick Martinez,Rangers,12730
Louis Coleman,Tigers,9720
John Curtiss,Twins,16128
Nick Gardewine,Rangers,16513
Pat Venditte,Dodgers,7108
Kevin Shackelford,Reds,11012
Dario Alvarez,Rangers,14239
Chih-Wei Hu,Rays,16419
Jack Leathersich,- - -,12562
Zac Rosscup,- - -,9419
Cory Mazzoni,Cubs,12537
Huston Street,Angels,8258
Ryan Sherriff,Cardinals,12249
Adam Liberatore,Dodgers,10637
Kris Medlen,Diamondbacks,9417
Andrew Bailey,Angels,1368
Ubaldo Jimenez,Orioles,3374
Kevin Siegrist,- - -,8180
Tyler Beede,Giants,16981
Bryan Morris,Giants,10234
Dennis Santana,Dodgers,17878
Tyler Danish,White Sox,15126
Enyel De Los Santos,Phillies,18403
Mike Hauschild,Blue Jays,14033
Preston Claiborne,Rangers,10500
Scott Copeland,Mets,10706
Rhiner Cruz,Blue Jays,711
Tanner Scheppers,Rangers,10267
Andrew Vasquez,Twins,19482
Dayan Diaz,Astros,11543
Chad Sobotka,Braves,17470
Victor Alcantara,Tigers,15028
Adam McCreery,Braves,19550
Tyler Cloyd,Mariners,8536
Yoan Lopez,Diamondbacks,17181
Brandon Workman,Red Sox,11428
Reymin Guduan,Astros,13058
Brandon Dixon,Reds,15214
Andrew Kittredge,Rays,12828
Chad Bell,Tigers,10297
Mike Wright,Orioles,12586
Alex Blandino,Reds,16271
J.D. Davis,Astros,16219
Braden Shipley,Diamondbacks,15158
Fabio Castillo,Dodgers,2826
Brooks Pounders,Rockies,10387
Pierce Johnson,Cubs,13435
Ian Krol,Angels,10066
Yohander Mendez,Rangers,14391
Alex Reyes,Cardinals,15015
Matt Davidson,White Sox,7226
Pedro Beato,Phillies,1330
Andrew Moore,Mariners,17553
Erik Kratz,Brewers,4403
Jorge De La Rosa,- - -,2047
T.J. House,Blue Jays,9121
Ashur Tolliver,Astros,10044
Jesus Sucre,Rays,5942
Brett Nicholas,Rangers,11192
Ryan Rua,Rangers,12409
Mitch Moreland,Red Sox,3086
Jon Jay,Cubs,5227
Thyago Vieira,Mariners,14510
Dan Slania,Giants,15639
Ray Black,Giants,14244
Brian Flynn,Royals,12027
A.J. Griffin,Rangers,11132
Daniel Descalso,Diamondbacks,8392
Sammy Solis,Nationals,11457
Danny Valencia,Orioles,6364
Osmer Morales,Angels,17133
Alex Avila,Diamondbacks,7476
John Means,Orioles,16269
Aaron Slegers,Twins,15231
Josh Rogers,Orioles,18510
Derek Law,Giants,13133
Rob Whalen,Mariners,14165
Scott Kingery,Phillies,17975
Michael Martinez,Indians,7358
Mitch Garver,Twins,15161
Mike Freeman,Mariners,11241
Luis Sardinas,Padres,13153
Brandon Guyer,Indians,2636
Casey Sadler,Pirates,11209
Daniel Robertson,Rays,14145
Ian Happ,Cubs,17919
Greg Garcia,Cardinals,10951
Charlie Culberson,Braves,3298
Carlos Tocci,Rangers,14558
Pablo Sandoval,Giants,5409
Chase d'Arnaud,Giants,6652
Phillip Ervin,Reds,14738
Mark Reynolds,Nationals,7619
Anthony Rizzo,Cubs,3473
Jake Petricka,Blue Jays,10534
Jason Hursh,Braves,14914
Jose Ruiz,Padres,14552
Eric Hanhold,Mets,18332
Shae Simmons,Mariners,14200
Jake Esch,Padres,12756
Matt Koch,Diamondbacks,13420
Zack Weiss,Reds,15444
Tyler Pill,Mets,12751
Brandon Cumpton,Blue Jays,11366
Chris Gimenez,Twins,7324
Jake Barrett,Diamondbacks,13322
William Cuevas,Tigers,13331
Josh Lucas,Athletics,11686
Austin Adams,Nationals,13801
Jeremy Bleich,Athletics,9069
Carson Fulmer,White Sox,18311
Tommy Layne,Yankees,7501
Joey Krehbiel,Diamondbacks,13707
Aaron Brooks,Athletics,12272
Erick Aybar,Padres,4082
Hernan Perez,Brewers,5751
Jose Torres,Padres,14957
Jake Thompson,Phillies,14371
David Goforth,Brewers,12166
Cody Martin,Mariners,12182
Kendrys Morales,Blue Jays,8610
Zac Curtis,- - -,16684
Johnny Field,Rays,15048
Rob Scahill,White Sox,9286
Carter Capps,Padres,12803
Murphy Smith,Blue Jays,9812
Mike Zagurski,Brewers,9683
Tyler Kinley,- - -,18297
Cliff Pennington,Reds,3395
Taylor Jungmann,Brewers,13119
Josh Edgin,Mets,10796
Cory Spangenberg,Padres,12294
Jairo Labourt,Tigers,14996
Austin Brice,Reds,17237
Brock Stewart,Dodgers,16727
Luis Ortiz,Orioles,16942
Craig Breslow,- - -,4363
Trey Wingenter,Padres,17793
Marc Rzepczynski,Mariners,6612
Alex McRae,Pirates,16317
Zach Lee,Padres,11468
Damien Magnifico,Angels,13395
Arcenio Leon,Tigers,8846
Max Povse,Mariners,16165
Jason Gurka,Angels,8007
Miguel Montero,Cubs,3364
Nori Aoki,Astros,13075
Miguel Almonte,Royals,14139
Leonel Campos,Blue Jays,12277
Sam Howard,Rockies,16265
Daniel Corcino,Dodgers,9266
J.J. Hoover,Diamondbacks,9037
Wily Peralta,Brewers,7738
Jose Fernandez,Blue Jays,14733
Justin Haley,Twins,13572
Troy Scribner,Diamondbacks,15570
Stefan Crichton,Orioles,16058
Jairo Diaz,Rockies,12774
Jen-Ho Tseng,Cubs,15524
Ben Taylor,Indians,18114
Chad Qualls,Rockies,2170
Jayson Aquino,Orioles,13150
Chris Smith,Blue Jays,14449
Kyle McGowin,Nationals,15071
Jerry Vasto,- - -,17126
Bryan Holaday,Marlins,11287
Connor Sadzeck,Rangers,13483
Matt Hall,Tigers,18076
Diego Moreno,Rays,6238
Drew Butera,Royals,3411
Wei-Chung Wang,Brewers,14382
Rubby de la Rosa,Diamondbacks,3862
Rob Zastryzny,Cubs,15094
Austin Voth,Nationals,15047
Dan Altavilla,Mariners,16507
Jandel Gustave,Astros,14665
Lucas Harrell,Blue Jays,7541
Jace Peterson,Orioles,12325
Justin Hancock,Cubs,12316
Jose Ramirez,Braves,10171
Taylor Guerrieri,Blue Jays,13616
Casey Lawrence,Mariners,11121
Jake Jewell,Angels,16958
Ryan LaMarre,Twins,10700
Josh Ravin,Braves,2951
Jharel Cotton,Athletics,13654
Randy Rosario,Twins,14508
Andrew Romine,Tigers,1159
Dean Deetz,Astros,16687
Rob Brantly,White Sox,10655
Tyler White,Astros,15564
Glen Perkins,Twins,8041
Leonys Martin,Cubs,11846
Tommy La Stella,Cubs,12371
Carlos Gomez,Rays,4881
Luke Gregerson,Astros,4090
Andres Blanco,Phillies,1907
Victor Caratini,Cubs,14968
Jake Smolinski,Athletics,5408
Jackson Stephens,Reds,14420
Kyle Lloyd,Padres,15378
Pedro Florimon,Phillies,8385
Adrian Sampson,Rangers,13339
Jonathan Broxton,Cardinals,4759
Duane Underwood Jr.,Cubs,14677
Zach Neal,Dodgers,11294
Jean Machi,Mariners,3220
Keury Mella,Reds,15964
Justin Marks,Rays,10265
Jesus Reyes,Reds,19277
Tim Melville,- - -,9149
Tyler Wilson,Orioles,12691
Luis Santos,Blue Jays,15006
Seth Frankoff,Cubs,11346
Nick Burdi,Pirates,16074
Jedd Gyorko,Cardinals,10816
Carlos Ruiz,Mariners,2579
Jesmuel Valentin,Phillies,14548
Michael Kopech,White Sox,17282
Taylor Motter,Mariners,12399
Kazuhisa Makita,Padres,19757
Allen Webster,Cubs,3993
Scooter Gennett,Reds,10339
David Hess,Orioles,16130
Neil Ramirez,- - -,7677
Alexi Ogando,Indians,10261
Dean Kiekhefer,Athletics,10529
Ryan Garton,- - -,14016
Roman Quinn,Phillies,13546
Jon Edwards,Indians,1483
Ross Detwiler,Mariners,2859
Brandon Mann,Rangers,5172
Trevor Gott,Nationals,15046
Kyle Martin,Red Sox,14860
Ranger Suarez,Phillies,17277
Jeff Ferrell,Tigers,11506
Ronald Herrera,Yankees,15688
Jake Buchanan,Reds,10962
Deolis Guerra,Angels,8410
Vidal Nuno,Rays,9674
P.J. Conlon,Mets,18213
Merandy Gonzalez,Marlins,17313
Hunter Cervenka,Marlins,10510
Justin Miller,Nationals,8580
Nick Tropeano,Angels,12385
Kevin McGowan,Mets,15215
Justus Sheffield,Yankees,17285
Alejandro Chacin,Reds,13530
Jeremy Guthrie,Nationals,2072
Henderson Alvarez,Phillies,5669
Francisco Arcia,Angels,10286
Jalen Beeks,- - -,17192
Drew Gagnon,Mets,12545
Tayron Guerrero,Marlins,11691
Willians Astudillo,Twins,15608
Yacksel Rios,Phillies,15007
Jimmy Yacabonis,Orioles,15157
Miguel Castro,Orioles,15684
Jhan Marinez,- - -,5830
Jason Wheeler,Twins,13128
Wes Parsons,Braves,14764
Dovydas Neverauskas,Pirates,11604
Sam Moll,Athletics,14874
Sean Gilmartin,Mets,12781
Cesar Valdez,- - -,9013
Luke Farrell,- - -,15101
Tyler Webb,- - -,14974
Chris Volstad,White Sox,9901
Dietrich Enns,Twins,13932
Christian Bethancourt,Padres,10028
Daniel Gossett,Athletics,16164
Cionel Perez,Astros,19614
Brett Graves,Marlins,16218
Aaron Blair,Braves,14934
Williams Jerez,Angels,14338
Sandy Baez,Tigers,17754
Tanner Anderson,Pirates,18029
Chris Rowley,Blue Jays,18820
Zac Reininger,Tigers,15285
Jose Reyes,Mets,1736
Drew Storen,Reds,6983
Andres Machado,Royals,14681
Stephen Gonsalves,Twins,15492
Simon Castro,Athletics,9243
Hansel Robles,- - -,11801
Kyle Ryan,Tigers,11753
Wilmer Font,Dodgers,5257
Evan Scribner,Mariners,7525
Christian Bergman,Mariners,10925
Justin Shafer,Blue Jays,16132
Alex Wimmers,Twins,11394
Jeff Beliveau,Blue Jays,8504
Dan Runzler,Pirates,4080
David Hale,- - -,9756
Jose De Leon,Rays,15463
Kevin Plawecki,Mets,13807
Carlos Torres,Nationals,7624
Buddy Boshers,Twins,8490
Jeff Mathis,Diamondbacks,3448
Ryan Cook,Mariners,8855
Jacob Rhame,Mets,15267
Clay Holmes,Pirates,13649
D.J. Snelten,Giants,15949
Hector Santiago,Twins,4026
Jose Valdez,Giants,14470
Zack Littell,Twins,15823
Jeff Brigham,Marlins,16631
Onelki Garcia,Royals,13674
Kyle Wright,Braves,19665
Michael Brady,Athletics,8461
John Lamb,Angels,8493
Chance Adams,Yankees,18135
Eric Stout,Royals,16873
Ian Hamilton,White Sox,19261
Buddy Baumann,Padres,9309
Eric O'Flaherty,Braves,5746
Jordan Jankowski,Astros,13313
Seth Maness,Royals,12235
J.P. Howell,Blue Jays,8245
Tom Wilhelmsen,Diamondbacks,9975
Michael Tonkin,Twins,10315
Dillon Overton,- - -,15627
Jimmy Cordero,Nationals,15690
Josh Smoker,Mets,10285
Johnny Barbato,Pirates,11440
Grant Dayton,Dodgers,11203
Tyler Bashlor,Mets,15203
Josh Osich,Giants,11528
Junichi Tazawa,Marlins,4079
Logan Verrett,Orioles,12905
Luke Bard,Angels,14288
Hisashi Iwakuma,Mariners,13048
Nik Turley,Twins,5530
Nestor Cortes,Orioles,17874
Ryan Meisinger,Orioles,18105
Adam Plutko,Indians,15846
Justin Nicolino,Marlins,11754
Jaime Schultz,Rays,15066
Barrett Astin,Reds,14812
Angel Sanchez,Pirates,11776
Kolby Allard,Braves,18694
Jacob Turner,- - -,10185
Dustin McGowan,Marlins,8600
Gerson Bautista,Mets,19256
Matt Magill,Twins,3950
Michael Blazek,Brewers,9654
Felix Jorge,Twins,14532
Joe Blanton,Nationals,4849
Edward Mujica,Tigers,3970
Myles Jaye,Tigers,11769
Paolo Espino,- - -,8246
Harrison Musgrave,Rockies,16532
Raul Alcantara,Athletics,12790
Chris Heston,- - -,10302
Kevin Quackenbush,Reds,12360
Ryan Burr,White Sox,17536
Enrique Hernandez,Dodgers,10472
Ben Meyer,Marlins,18854
Jesen Therrien,Phillies,15853
Walker Lockett,Padres,13804
Michael Ynoa,White Sox,14093
Chris Flexen,Mets,13896
Rookie Davis,Reds,14962
Tyler Thornburg,Red Sox,10688
Mat Latos,Blue Jays,3815
Matt Dermody,Blue Jays,14844
Brett Kennedy,Padres,17877
Chris Young,Royals,3196
Corey Oswalt,Mets,13677
Jake Newberry,Royals,15136
Jacob Nix,Padres,17775
Warwick Saupold,Tigers,13211
Nick Kingham,Pirates,11694
Tim Collins,Nationals,3164
Robby Scott,Red Sox,13042
Ariel Hernandez,Reds,15603
Tim Adleman,Reds,10968
Jason Adam,Royals,11861
Nick Rumbelow,Mariners,14867
Brad Goldberg,White Sox,14776
Mike Bolsinger,Blue Jays,11137
Lisalverto Bonilla,Reds,11266
Austen Williams,Nationals,16309
Jason Motte,Braves,5861
Joely Rodriguez,Phillies,11487
Justin Grimm,Cubs,11720
Preston Guilmet,- - -,7303
Elieser Hernandez,Marlins,16933
Yimi Garcia,Dodgers,12095
Chris Tillman,Orioles,5279
Ryan Carpenter,Tigers,12699
Tim Peterson,Mets,13946
Evan Phillips,- - -,17734
Josh Collmenter,Braves,7312
Cody Carroll,Orioles,17664
Jefry Rodriguez,Nationals,17018
Ricardo Pinto,Phillies,16318
Adam Wilk,- - -,8421
Nick Tepesch,- - -,11716
Tanner Rainey,Reds,17610
Antonio Bastardo,Pirates,8844
Casey Fien,- - -,3926
Tom Koehler,- - -,6570
Chris Beck,- - -,13418
Brian Ellington,Marlins,17233
Travis Wood,- - -,9884
Drew Hutchison,- - -,10732
Jason Grilli,- - -,521
Burch Smith,Royals,12784
Pedro Araujo,Orioles,17697
Kevin Jepsen,Rangers,6475
Neftali Feliz,- - -,18
Bronson Arroyo,Reds,978
Francisco Rodriguez,Tigers,1642
David Holmberg,White Sox,7725
Chris Smith,Athletics,4544
Jered Weaver,Padres,4235
Mike Pelfrey,White Sox,5203
